﻿<?xml version="1.0" encoding="UTF-8" standalone="yes"?>
<addon id="repository.jas0npc" name="__Jas0npc__ Repository" version="1.0.5" provider-name="Jas0npc">
	<extension point="xbmc.addon.repository" name="__Jas0npc__ Addon Repository">
		<info compressed="false">http://raw.github.com/jas0npc/repo/master/addons/addons.xml</info>
		<checksum>http://raw.github.com/jas0npc/repo/master/addons/addons.xml.md5</checksum>
		<datadir zip="true">http://raw.github.com/jas0npc/repo/master/addons/</datadir>
	</extension>
	<extension point="xbmc.addon.metadata">
		<summary>New and old stuff from me, Get it here, TOTALXBMC DO NOT HAVE THE OK TO INCLUDE MY SHIT[CR]ON THE TOTALINSTALLER(Read hub installer).</summary>
		<description>New and old stuff from me, Get it here, TOTALXBMC DO NOT HAVE THE OK TO INCLUDE MY SHIT[CR]ON THE TOTALINSTALLER(Read hub installer).</description>
		<platform>all</platform>
	</extension>
</addon>

