<?xml version="1.0" encoding="UTF-8" standalone="yes"?>
<addon id="plugin.program.TDBSPEEDTEST" name="TDB SPEED TEST" version="1000" provider-name="TDB">
  <requires>
    <import addon="xbmc.python" version="2.1.0"/>
  </requires>
  <extension point="xbmc.python.pluginsource" library="default.py">
        <provides>executable</provides>
  </extension>
  <extension point="xbmc.addon.metadata">
    <summary lang="en"></summary>
    <description lang="en">Accurate Internet speed-ping test results.</description>
    <platform>all</platform>
  </extension>
</addon>
