<?xml version="1.0.1" encoding="UTF-8" standalone="yes"?>
<addon id="repository.ukturk" name="UKTurk Addon Repository" version="1.0.2" provider-name="UKTurk">
	<extension point="xbmc.addon.repository" name="UKTurk Addon Repository">
		<info compressed="false">https://raw.githubusercontent.com/MetalKettle/UKT/master/addons.xml</info>
		<checksum>https://raw.githubusercontent.com/MetalKettle/UKT/master/addons.xml.md5</checksum>
		<datadir zip="true">https://raw.githubusercontent.com/MetalKettle/UKT/master/zips/</datadir>
	</extension>
	<extension point="xbmc.addon.metadata">
		<summary>Install UKTurk</summary>
		<description>Install UKTurk</description>
		<platform>all</platform>
	</extension>
</addon>

