<?xml version="1.0" encoding="UTF-8" standalone="yes"?>
<addon
  id="plugin.video.HTVonline"
  version="0.0.7"
  name="[COLOR ffff0000]H[/COLOR][COLOR ff32cd32]T[/COLOR][COLOR ff0000ff]V[/COLOR][COLOR ffffffff]online[/COLOR]"
  provider-name="traitravinh">
  <requires>
    <import addon="xbmc.python" version="2.1.0" optional="true"/>       		
  </requires>
  <extension point="xbmc.python.pluginsource"
            library="htvonline.py">
        <provides>video</provides>
  </extension>
  <extension point="xbmc.addon.metadata">
    <summary>Watch liveTV</summary>
    <description>Watch liveTV</description>
    <platform>all</platform>
  </extension>
</addon>