<?xml version="1.0" encoding="UTF-8" standalone="yes"?>
<addon id="repository.tdbaddon" name="TDB REPO" version="1.02" provider-name="tdbaddon">
	<extension point="xbmc.addon.repository" name="TDB Addon Repository">
        <dir>
	      <info compressed="false">http://github.com/tdbaddon/tdbaddon/raw/master/addons.xml</info>
	      <checksum>http://github.com/tdbaddon/tdbaddon/raw/master/addons.xml.md5</checksum>
	      <datadir zip="true">http://github.com/tdbaddon/tdbaddon/raw/master/zips</datadir>
        </dir>
        <info compressed="false">http://github.com/tdbaddon/tdbaddon/raw/master/addons.xml</info>
        <checksum>http://github.com/tdbaddon/tdbaddon/raw/master/addons.xml.md5</checksum>
        <datadir zip="true">http://github.com/tdbaddon/tdbaddon/raw/master/zips</datadir>
	</extension>
	<extension point="xbmc.addon.metadata">
		<summary></summary>
		<description>Wisely choose you Must!</description>
		<disclaimer>By using this, you take reponsibility for anything that happens. Some parts of this addon may not be legal in your country - please check with your local laws before installing. I take no responsibility for any problems this plugin might in any way shape or form. This is project is for a LEARNING EXPERIANCE.</disclaimer>
		<platform>all</platform>
	</extension>
</addon>