<?xml version="1.0" encoding="UTF-8" standalone="yes"?>
<addon id="plugin.video.TDBBACKUP" name="TDB BACKUP" version="1013" provider-name="TDB">
  <requires>
    <import addon="xbmc.python" version="2.1.0"/>
  </requires>
  <extension point="xbmc.python.pluginsource" library="default.py">
        <provides>video executable</provides>
  </extension>
  <extension point="xbmc.addon.metadata">
    <summary lang="en">Backup and restore your Kodi database and configuration files in the event of a crash or file corruption.</summary>
    <description lang="en"></description>
    <platform>all</platform>
  </extension>
</addon>
