﻿<?xml version="1.0" encoding="UTF-8"?>
<addon
  id="skin.TDB-Flow"
  version="1.00"
  name="TDB FLOW"
  provider-name="TDB">
  <requires>
    <import addon="xbmc.gui" version="5.0.0"/>
  </requires>
  <extension
    point="xbmc.gui.skin"
    defaultthemename="textures.xbt"
    debugging="false"
    effectslowdown="0.75">
    <res width="1280" height="720" aspect="16:9" default="true" folder="720p" />
  </extension>
  <extension point="xbmc.addon.metadata">
    <summary lang="af">Basic Remote skin by TDB</summary>
    <summary lang="ar">Basic Remote skin by TDB</summary>
    <summary lang="be">Basic Remote skin by TDB</summary>
    <summary lang="bg">Basic Remote skin by TDB</summary>
    <summary lang="ca">Basic Remote skin by TDB</summary>
    <summary lang="cs">Basic Remote skin by TDB</summary>
    <summary lang="cy">Basic Remote skin by TDB</summary>
    <summary lang="da">Basic Remote skin by TDB</summary>
    <summary lang="de">Basic Remote skin by TDB</summary>
    <summary lang="el">Basic Remote skin by TDB</summary>
    <summary lang="en">Basic Remote skin by TDB</summary>
    <summary lang="en_AU">Basic Remote skin by TDB</summary>
    <summary lang="en_NZ">Basic Remote skin by TDB</summary>
    <summary lang="en_US">Basic Remote skin by TDB</summary>
    <summary lang="es">Basic Remote skin by TDB</summary>
    <summary lang="es_AR">Basic Remote skin by TDB</summary>
    <summary lang="es_MX">Basic Remote skin by TDB</summary>
    <summary lang="es_VE">Basic Remote skin by TDB</summary>
    <summary lang="et">Basic Remote skin by TDB</summary>
    <summary lang="fi">Basic Remote skin by TDB</summary>
    <summary lang="fil">Basic Remote skin by TDB</summary>
    <summary lang="fo">Basic Remote skin by TDB</summary>
    <summary lang="fr">Basic Remote skin by TDB</summary>
    <summary lang="fr_CA">Basic Remote skin by TDB</summary>
    <summary lang="gl">Basic Remote skin by TDB</summary>
    <summary lang="he">Basic Remote skin by TDB</summary>
    <summary lang="hr">Basic Remote skin by TDB</summary>
    <summary lang="hu">Basic Remote skin by TDB</summary>
    <summary lang="hy">Basic Remote skin by TDB</summary>
    <summary lang="id">Basic Remote skin by TDB</summary>
    <summary lang="is">Basic Remote skin by TDB</summary>
    <summary lang="it">Basic Remote skin by TDB</summary>
    <summary lang="ja">Basic Remote skin by TDB</summary>
    <summary lang="km">Basic Remote skin by TDB</summary>
    <summary lang="ko">Basic Remote skin by TDB</summary>
    <summary lang="lt">Basic Remote skin by TDB</summary>
    <summary lang="lv">Basic Remote skin by TDB</summary>
    <summary lang="mk">Basic Remote skin by TDB</summary>
    <summary lang="ms">Basic Remote skin by TDB</summary>
    <summary lang="nl">Basic Remote skin by TDB</summary>
    <summary lang="no">Basic Remote skin by TDB</summary>
    <summary lang="pl">Basic Remote skin by TDB</summary>
    <summary lang="pt">Basic Remote skin by TDB</summary>
    <summary lang="pt_BR">Basic Remote skin by TDB</summary>
    <summary lang="rm">Basic Remote skin by TDB</summary>
    <summary lang="ro">Basic Remote skin by TDB</summary>
    <summary lang="ru">Basic Remote skin by TDB</summary>
    <summary lang="sk">Basic Remote skin by TDB</summary>
    <summary lang="sl">Basic Remote skin by TDB</summary>
    <summary lang="sq">Basic Remote skin by TDB</summary>
    <summary lang="sv">Basic Remote skin by TDB</summary>
    <summary lang="ta_IN">Basic Remote skin by TDB</summary>
    <summary lang="tg">Basic Remote skin by TDB</summary>
    <summary lang="th">Basic Remote skin by TDB</summary>
    <summary lang="tr">Basic Remote skin by TDB</summary>
    <summary lang="uk">Basic Remote skin by TDB</summary>
    <summary lang="vi">Basic Remote skin by TDB</summary>
    <summary lang="zh">Basic Remote skin by TDB</summary>
    <summary lang="zh_TW">Basic Remote skin by TDB</summary>
    <description lang="af">Skin designed to be used on Android TV's with a basic remote.</description>
    <description lang="ar">Skin designed to be used on Android TV's with a basic remote.</description>
    <description lang="be">Skin designed to be used on Android TV's with a basic remote.</description>
    <description lang="bg">Skin designed to be used on Android TV's with a basic remote.</description>
    <description lang="ca">Skin designed to be used on Android TV's with a basic remote.</description>
    <description lang="cs">Skin designed to be used on Android TV's with a basic remote.</description>
    <description lang="cy">Skin designed to be used on Android TV's with a basic remote.</description>
    <description lang="da">Skin designed to be used on Android TV's with a basic remote.</description>
    <description lang="de">Skin designed to be used on Android TV's with a basic remote.</description>
    <description lang="el">Skin designed to be used on Android TV's with a basic remote.</description>
    <description lang="en">Skin designed to be used on Android TV's with a basic remote.</description>
    <description lang="en_AU">Skin designed to be used on Android TV's with a basic remote.</description>
    <description lang="en_NZ">Skin designed to be used on Android TV's with a basic remote.</description>
    <description lang="en_US">Skin designed to be used on Android TV's with a basic remote.</description>
    <description lang="es">Skin designed to be used on Android TV's with a basic remote.</description>
    <description lang="es_AR">Skin designed to be used on Android TV's with a basic remote.</description>
    <description lang="es_MX">Skin designed to be used on Android TV's with a basic remote.</description>
    <description lang="es_VE">Skin designed to be used on Android TV's with a basic remote.</description>
    <description lang="et">Skin designed to be used on Android TV's with a basic remote.</description>
    <description lang="fi">Skin designed to be used on Android TV's with a basic remote.</description>
    <description lang="fil">Skin designed to be used on Android TV's with a basic remote.</description>
    <description lang="fo">Skin designed to be used on Android TV's with a basic remote.</description>
    <description lang="fr">Skin designed to be used on Android TV's with a basic remote.</description>
    <description lang="fr_CA">Skin designed to be used on Android TV's with a basic remote.</description>
    <description lang="gl">Skin designed to be used on Android TV's with a basic remote.</description>
    <description lang="he">Skin designed to be used on Android TV's with a basic remote.</description>
    <description lang="hr">Skin designed to be used on Android TV's with a basic remote.</description>
    <description lang="hu">Skin designed to be used on Android TV's with a basic remote.</description>
    <description lang="id">Skin designed to be used on Android TV's with a basic remote.</description>
    <description lang="is">Skin designed to be used on Android TV's with a basic remote.</description>
    <description lang="it">Skin designed to be used on Android TV's with a basic remote.</description>
    <description lang="ja">Skin designed to be used on Android TV's with a basic remote.</description>
    <description lang="km">Skin designed to be used on Android TV's with a basic remote.</description>
    <description lang="ko">Skin designed to be used on Android TV's with a basic remote.</description>
    <description lang="lt">Skin designed  to be used on Android TV's with a basic remote.</description>
    <description lang="lv">Skin designed  to be used on Android TV's with a basic remote.</description>
    <description lang="mk">Skin designed  to be used on Android TV's with a basic remote.</description>
    <description lang="ms">Skin designed  to be used on Android TV's with a basic remote.</description>
    <description lang="nl">Skin designed  to be used on Android TV's with a basic remote.</description>
    <description lang="no">Skin designed  to be used on Android TV's with a basic remote.</description>
    <description lang="pl">Skin designed  to be used on Android TV's with a basic remote.</description>
    <description lang="pt">Skin designed  to be used on Android TV's with a basic remote.</description>
    <description lang="pt_BR">Skin designed  to be used on Android TV's with a basic remote.</description>
    <description lang="ro">Skin designed  to be used on Android TV's with a basic remote.</description>
    <description lang="ru">Skin designed  to be used on Android TV's with a basic remote.</description>
    <description lang="sk">Skin designed  to be used on Android TV's with a basic remote.</description>
    <description lang="sl">Skin designed  to be used on Android TV's with a basic remote.</description>
    <description lang="sq">Skin designed  to be used on Android TV's with a basic remote.</description>
    <description lang="sv">Skin designed  to be used on Android TV's with a basic remote.</description>
    <description lang="ta_IN">Skin designed  to be used on Android TV's with a basic remote.</description>
    <description lang="tg">Skin designed  to be used on Android TV's with a basic remote.</description>
    <description lang="th">Skin designed  to be used on Android TV's with a basic remote.</description>
    <description lang="tr">Skin designed  to be used on Android TV's with a basic remote.</description>
    <description lang="uk">Skin designed  to be used on Android TV's with a basic remote.</description>
    <description lang="vi">Skin designed  to be used on Android TV's with a basic remote.</description>
    <description lang="zh">Skin designed  to be used on Android TV's with a basic remote.</description>
    <description lang="zh_TW">Skin designed  to be used on Android TV's with a basic remote.</description>
    <platform>all</platform>
  </extension>
</addon>
