<?xml version="1.0" encoding="UTF-8"?>
<addon id="skin.TDBCONFLUENCE" version="1001" name="TDB CONFLUENCE" provider-name="TDB">
	<requires>
		<import addon="xbmc.gui" version="5.12.0"/>
	</requires>
	<extension point="xbmc.gui.skin" debugging="false" effectslowdown="1.0">
		<res width="1280" height="720" aspect="16:9" default="true" folder="720p" />
	</extension>
	<extension point="xbmc.addon.metadata">
		<summary lang="en_US">KODI 17 ONLY!!! </summary>
		<description lang="en_US">.</description>
		<platform>all</platform>
		<license></license>
		<forum></forum>
		<website/>
		<email/>
		<source></source>
		<assets>
			<icon>resources/icon.png</icon>
			<fanart>resources/fanart.jpg</fanart>
		</assets>
		<news></news>
	</extension>
</addon>