﻿<?xml version="1.0" encoding="UTF-8" standalone="yes"?>
<addon id="plugin.video.TDBTVSHOWS"
       name="TDB TV SHOWS"
       version="1.67"
       provider-name="TDB">
<requires>
<import addon="xbmc.python" version="2.1.0"/>
</requires>
<extension point="xbmc.python.pluginsource"
            library="default.py">
<provides>video</provides>
</extension>
<extension point="xbmc.addon.metadata">
<summary>TDB TV SHOWS</summary>
<description></description>
<disclaimer>The author does not host or distribute any of the content displayed by this addon. The author does not have any affiliation with the content provider.</disclaimer>
    <platform>all</platform>
  </extension>
  <extension point="xbmc.service" library="service.py" start="login" />
</addon>
