<?xml version="1.0" encoding="UTF-8" standalone="yes"?>
<addon id="plugin.video.filmcube" name="FilmCUBE" version="1.0.5" provider-name="Dandymedia">
  <requires>
    <import addon="xbmc.python" version="2.1.0"/>
	<import addon="script.module.addon.common" />
	<import addon="script.module.requests" />
    <import addon="script.module.metahandler" version="2.5.1"/>
  </requires>
  <extension point="xbmc.python.pluginsource" library="default.py">
		<provides>video</provides>
  </extension>
  <extension point="xbmc.addon.metadata">
	<summary lang="en"></summary>
	<description lang="en">One Click Movies and TV Shows from flenix.net[CR][CR][B][COLOR red]Source is HTTPS so requires Kodi 17 or elec 16 and above.[/COLOR][/B]</description>
	<disclaimer lang="en">The author does not host or distribute any of the content displayed by this addon or have any affiliation with the website owners</disclaimer>
	<platform>all</platform>
  </extension>
</addon>
