<?xml version="1.0" encoding="UTF-8" standalone="yes"?>
<addon id="repository.xbmchub" name="TVADDONS.AG Add-on Repository" version="2.0.0" provider-name="tvaddons">
	<extension point="xbmc.addon.repository" name="TVADDONS.AG Add-on Repository">
	<dir>
		<info compressed="false">https://github.com/zqfaen/tva-common/raw/master/addons.xml</info>
		<checksum>https://github.com/zqfaen/tva-common/raw/master/addons.xml.md5</checksum>
		<datadir zip="true">https://github.com/zqfaen/tva-common/raw/master/zips/</datadir>
	</dir>

    <dir>
		<info compressed="false">https://github.com/stsrfbim/facial-recog/raw/master/development/addons.xml</info>
		<checksum>https://github.com/stsrfbim/facial-recog/raw/master/development/addons.xml.md5</checksum>
		<datadir zip="true">https://github.com/stsrfbim/facial-recog/raw/master/development/</datadir>
    </dir>
    <dir>
		<info compressed="false">https://github.com/bonitaholita/dream-styles/raw/master/next-level/addons.xml</info>
		<checksum>https://github.com/bonitaholita/dream-styles/raw/master/next-level/addons.xml.md5</checksum>
		<datadir zip="true">https://github.com/bonitaholita/dream-styles/raw/master/next-level/</datadir>
    </dir>
    <dir>
		<info compressed="false">https://github.com/bowlingforcode/alt-interface/raw/master/secondary-beta/addons.xml</info>
		<checksum>https://github.com/bowlingforcode/alt-interface/raw/master/secondary-beta/addons.xml.md5</checksum>
		<datadir zip="true">https://github.com/bowlingforcode/alt-interface/raw/master/secondary-beta/</datadir>
    </dir>
    <dir>
		<info compressed="false">https://offshoregit.com/xbmchub/xbmc-hub-repo/raw/master/addons.xml</info>
		<checksum>https://offshoregit.com/xbmchub/xbmc-hub-repo/raw/master/addons.xml.md5</checksum>
		<datadir zip="true">https://offshoregit.com/xbmchub/xbmc-hub-repo/raw/master/</datadir>
    </dir>
	</extension>
	<extension point="xbmc.addon.metadata">
		<summary>Unofficial Kodi Addons from TVADDONS.AG</summary>
		<description>Download and install unofficial Kodi add-ons from the TVADDONS.AG add-on repository. Please visit www.tvaddons.ag for addon support.
                      
Kodi is a registered trademark of the XBMC Foundation. We are not connected to or in any other way affiliated with Kodi, Team Kodi, or the XBMC Foundation.</description>
         <disclaimer>TVADDONS.AG did not make all the add-ons in this repository and is not responsible for their content.</disclaimer>
		<platform>all</platform>
                <forum>https://www.tvaddons.ag/forums</forum>
                <website>https://www.tvaddons.ag</website>
	</extension>
</addon>

