<?xml version="1.0" encoding="UTF-8" standalone="yes"?>
<addon id="repository.thec0de" name="gr33ksRepo" version="1.0.0" provider-name="Gr33k">
	<extension point="xbmc.addon.repository" name="c0de Repo">
       <info>http://kodi.thec0de.com/kodi.git/addons.xml</info>
       <checksum>http://kodi.thec0de.com/kodi.git/addons.xml.md5</checksum>
       <datadir zip="true">http://kodi.thec0de.com/kodi.git/</datadir>	
	</extension>
	<extension point="xbmc.addon.metadata">
		<summary>thec0de Repo</summary>
		<description>Download and Install The BEST Add-Ons for Kodi out there!</description>
		<disclaimer>I made none of these - Just repost from Kodi Forums - Use at your own discretion. I am not responsible for what you do with this stuff.</disclaimer>
		<platform>all</platform>
	</extension>
</addon>
