<?xml version="1.0" encoding="UTF-8" standalone="yes"?>
<addon id="plugin.video.mdcmovieshd" name="C Movies HD" version="2.0.0" provider-name="Mucky Duck">
  <requires>
		<import addon="script.module.urlresolver"  version="2.1.2"/>
		<import addon="script.module.metahandler" version="2.5.1"/>
		<import addon="script.module.muckys.common"/>
		<import addon="repository.mdrepo" />
  </requires>
  <extension point="xbmc.python.pluginsource" library="default.py">
        <provides>video</provides>
  </extension>
  <extension point="xbmc.addon.metadata">
    <summary lang="en">Stream Free Content From The Web</summary>
    <description lang="en">Watch thousands of Free Movies and TV Shows starring your favorite actors. You can find them all on this channel powered by CMOVIESHD.COM. Content is updated Daily and always free!.  This Addon Will Delete Itself Unless You Have http://muckys.mediaportal4kodi.ml In File Manager. Stream Free Content From The Web.</description>
	<disclaimer lang="en">The author does not host or distribute any of the content displayed by this addon or have any affiliation with the website owners</disclaimer>
    <platform>all</platform>
  </extension>
</addon>
