<?xml version="1.0" encoding="UTF-8" standalone="yes"?>
<addon id="plugin.video.greek.tv" name="Greek TV" version="1.0.9" provider-name="Thgiliwt">
    <requires>
        <import addon="xbmc.python" version="2.19.0"/>
        <import addon="plugin.video.youtube" version="5.2.1"/>
    </requires>
    <extension point="xbmc.python.pluginsource" library="addon.py">
        <provides>video</provides>
    </extension>
    <extension point="xbmc.addon.metadata">
        <platform>all</platform>
        <summary lang="en">Greek TV addon</summary>
        <description lang="en">Greek TV is an addon trying to bring greek tv android app's concept and feel into Kodi. Helix+ compatible.</description>
        <summary lang="el">Πρόσθετο Greek TV</summary>
        <description lang="el">Το πρόσθετο Greek TV είναι μια μικροεφαρμογή για το Kodi που προσφέρει διεπαφή παρόμοια με την ομώνυμη εφαρμογή για Android. Ζωντανές ροές από όλη την Ελλάδα και τον κόσμο με ελληνικό περιεχόμενο. Συμβατή από εκδόσεις Helix και πάνω.</description>
        <license>GNU GPL, version 2 or later</license>
        <website>https://play.google.com/store/apps/details?id=com.cstalking.greektv</website>
        <forum>https://forums.tvaddons.ag/addon-releases/51983-greek-tv-bringing-concept-feel-androids-greek-tv-kodi.html</forum>
    </extension>
    <news>
1.0.9 (17-01-2017)
- Base64-ed the lists

1.0.8 (07-01-2017)
- Fixed switcher behaviour when cancelling.

1.0.7 (26-12-2016)
- Code cosmetics

1.0.6 (20-12-2016)
- Added a non-https mirror option

1.0.5.2 (02-12-2016)
- More fixes in addon.xml

1.0.5.1 (29-11-2016)
- Minor changes in addon.xml

1.0.5 (28-11-2016)
- Added client module and replaced the simple opener function

1.0.4 (25-11-2016)
- Implemented two different sort methods for channels, by group and title
  > By default they are off
- Added random user agent function
  > Particularly useful for ANT1 CY resolver
    </news>
</addon>
