<?xml version="1.0" encoding="UTF-8"?>
<window id="2007">
	<defaultcontrol>2</defaultcontrol>
	<onunload>Skin.Reset(SlideShowShowOSD)</onunload>
	<controls>
		<control type="button">
			<description>Hidden button to close the keyboard when its focused</description>
			<posx>0</posx>
			<posy>0</posy>
			<width>ScreenWidth</width>
			<height>ScreenHeight</height>
			<texturenofocus>-</texturenofocus>
			<texturefocus>-</texturefocus>
			<onclick>Skin.ToggleSetting(SlideShowShowOSD)</onclick>
		</control>
		<control type="button">
			<visible>SlideShow.IsVideo + [!SlideShow.IsActive | SlideShow.IsPaused]</visible>
			<description>Video Play Button</description>
			<posx>540</posx>
			<posy>380</posy>
			<width>200</width>
			<height>200</height>
			<font>-</font>
			<onclick>play</onclick>
			<texturefocus>arrow-big-right.png</texturefocus>
			<texturenofocus>arrow-big-right.png</texturenofocus>
		</control>
		<control type="group">
			<visible>Skin.HasSetting(SlideShowShowOSD) + !Window.IsVisible(PictureInfo)</visible>
			<include>VisibleFadeEffect</include>
			<include>CommonHeader</include>
			<control type="image">
				<posx>0</posx>
				<posy>20</posy>
				<width>ScreenWidth</width>
				<height>64</height>
				<texture>header.png</texture>
			</control>
			<control type="grouplist">
				<description>Top Left bar</description>
				<posx>0</posx>
				<posy>20</posy>
				<width>200</width>
				<height>64</height>
				<align>left</align>
				<itemgap>5</itemgap>
				<orientation>horizontal</orientation>
				<visible>Player.HasAudio</visible>
				<control type="button">
					<description>Playlist Button</description>
					<width>64</width>
					<height>64</height>
					<texturenofocus>icon_playlistmusic.png</texturenofocus>
					<texturefocus>icon_playlistmusic.png</texturefocus>
					<onclick>Back</onclick>
					<onclick>ActivateWindow(MusicPlaylist)</onclick>
				</control>
				<control type="image">
					<width>2</width>
					<height>62</height>
					<texture>header-divide.png</texture>
				</control>
			</control>
			<control type="grouplist">
				<description>Top Right bar</description>
				<posx>1080r</posx>
				<posy>25</posy>
				<width>1000</width>
				<height>64</height>
				<align>right</align>
				<itemgap>5</itemgap>
				<orientation>horizontal</orientation>
				<control type="radiobutton">
					<description>Show Audio Info Button</description>
					<width>270</width>
					<height>50</height>
					<label>$LOCALIZE[544]</label>
					<font>font13</font>
					<align>left</align>
					<aligny>center</aligny>
					<selected>Skin.HasSetting(SlideShowShowAudioInfo)</selected>
					<texturenofocus border="5">floor_button.png</texturenofocus>
					<texturefocus border="5">floor_buttonFO.png</texturefocus>
					<onclick>Skin.ToggleSetting(SlideShowShowAudioInfo)</onclick>
					<visible>Player.HasAudio</visible>
				</control>
				<control type="button">
					<description>Image Info Button</description>
					<width>200</width>
					<height>50</height>
					<label>$LOCALIZE[31357]</label>
					<font>font13</font>
					<align>center</align>
					<aligny>center</aligny>
					<texturenofocus border="5">floor_button.png</texturenofocus>
					<texturefocus border="5">floor_buttonFO.png</texturefocus>
					<onclick>ActivateWindow(PictureInfo)</onclick>
				</control>
				<control type="radiobutton">
					<description>Fullscreen Button</description>
					<posy>5</posy>
					<width>230</width>
					<height>50</height>
					<radiowidth>36</radiowidth>
					<radioheight>36</radioheight>
					<font>font13</font>
					<align>left</align>
					<aligny>center</aligny>
					<texturenofocus border="5">floor_button.png</texturenofocus>
					<texturefocus border="5">floor_buttonFO.png</texturefocus>
					<label>31008</label>
					<onclick>back</onclick>
					<textureradioon flipx="true" flipy="true">GoFullscreen.png</textureradioon>
					<textureradiooff flipx="true" flipy="true">GoFullscreen.png</textureradiooff>
				</control>
			</control>
			<control type="group">
				<posx>65r</posx>
				<posy>20</posy>
				<control type="image">
					<posx>0</posx>
					<posy>0</posy>
					<width>2</width>
					<height>62</height>
					<texture>header-divide.png</texture>
				</control>
				<control type="button">
					<description>Close Button</description>
					<posx>5</posx>
					<posy>0</posy>
					<width>60</width>
					<height>60</height>
					<font>-</font>
					<onclick>Skin.Reset(SlideShowShowOSD)</onclick>
					<texturefocus>icon_close.png</texturefocus>
					<texturenofocus>icon_close.png</texturenofocus>
				</control>
			</control>
			<control type="group">
				<posx>-10</posx>
				<posy>440</posy>
				<control type="image">
					<posx>0</posx>
					<posy>0</posy>
					<width>90</width>
					<height>90</height>
					<colordiffuse>EEFFFFFF</colordiffuse>
					<texture border="3">PlayerControls-Background.png</texture>
				</control>
				<control type="button">
					<description>Previous Image</description>
					<posx>20</posx>
					<posy>10</posy>
					<width>55</width>
					<height>70</height>
					<hitrect x="15" y="5" w="80" h="80" />
					<label>-</label>
					<font>-</font>
					<texturefocus flipx="true">icon_arrowkey.png</texturefocus>
					<texturenofocus flipx="true">icon_arrowkey.png</texturenofocus>
					<onclick>left</onclick>
				</control>
			</control>
			<control type="group">
				<posx>80r</posx>
				<posy>440</posy>
				<control type="image">
					<posx>0</posx>
					<posy>0</posy>
					<width>90</width>
					<height>90</height>
					<colordiffuse>EEFFFFFF</colordiffuse>
					<texture border="3">PlayerControls-Background.png</texture>
				</control>
				<control type="button">
					<description>Next Image</description>
					<posx>15</posx>
					<posy>10</posy>
					<width>55</width>
					<height>70</height>
					<hitrect x="5" y="5" w="80" h="80" />
					<label>-</label>
					<font>-</font>
					<texturefocus>icon_arrowkey.png</texturefocus>
					<texturenofocus>icon_arrowkey.png</texturenofocus>
					<onclick>right</onclick>
				</control>
			</control>
			<control type="group">
				<posx>595</posx>
				<posy>90r</posy>
				<control type="image">
					<posx>0</posx>
					<posy>0</posy>
					<width>90</width>
					<height>90</height>
					<colordiffuse>EEFFFFFF</colordiffuse>
					<texture border="3">PlayerControls-Background.png</texture>
				</control>
				<control type="togglebutton">
					<description>PlayPause</description>
					<posx>15</posx>
					<posy>10</posy>
					<width>60</width>
					<height>70</height>
					<hitrect x="0" y="0" w="90" h="90" />
					<label>-</label>
					<font>-</font>
					<texturefocus>PlayerControls-PlayNF.png</texturefocus>
					<texturenofocus>PlayerControls-PlayNF.png</texturenofocus>
					<alttexturefocus>PlayerControls-PauseNF.png</alttexturefocus>
					<alttexturenofocus>PlayerControls-PauseNF.png</alttexturenofocus>
					<usealttexture>SlideShow.IsActive + !SlideShow.IsPaused</usealttexture>
					<onclick>pause</onclick>
				</control>
			</control>
		</control>
		<!-- media infos -->
		<control type="group">
			<posx>20</posx>
			<posy>160r</posy>
			<visible>Skin.HasSetting(SlideShowShowAudioInfo) + Player.HasMedia</visible>
			<include>VisibleFadeEffect</include>
			<control type="image">
				<description>cover image</description>
				<posx>0</posx>
				<posy>0</posy>
				<width>150</width>
				<height>150</height>
				<info>MusicPlayer.Cover</info>
				<aspectratio>keep</aspectratio>
				<bordertexture border="8">ThumbShadow.png</bordertexture>
				<bordersize>8</bordersize>
			</control>
			<control type="label">
				<posx>160</posx>
				<posy>70</posy>
				<width>1000</width>
				<height>30</height>
				<font>font30_title</font>
				<align>left</align>
				<aligny>center</aligny>
				<label>$INFO[MusicPlayer.Title]</label>
				<textcolor>white</textcolor>
				<shadowcolor>black</shadowcolor>
				<scroll>true</scroll>
			</control>
			<control type="label">
				<description>Album label</description>
				<posx>160</posx>
				<posy>105</posy>
				<width>1000</width>
				<height>25</height>
				<align>left</align>
				<font>font13</font>
				<label>$INFO[MusicPlayer.Album]</label>
				<textcolor>white</textcolor>
				<shadowcolor>black</shadowcolor>
			</control>
		</control>
	</controls>
</window>