<?xml version="1.0" encoding="UTF-8" standalone="yes"?>
<addon id="repository.icanuck" name="[COLOR FF005de5]iCanuck's [/COLOR]Kodi Repository" version="3.2.0" provider-name="iCanuck">
	<extension point="xbmc.addon.repository" name="iCanuck's Kodi Repository">
	   <info compressed="true">http://svn.code.sf.net/p/icanuckxbmcrepo/repo/addons.xml</info>
	   <checksum>http://svn.code.sf.net/p/icanuckxbmcrepo/repo/addons.xml.md5</checksum>
	   <datadir zip="true">http://svn.code.sf.net/p/icanuckxbmcrepo/repo/</datadir>
	</extension>
	<extension point="xbmc.addon.metadata">
		<summary>Install iCanuck's Kodi Skins/Addons</summary>
		<description>Download and install Kodi Skins and Addons by iCanuck and others.</description>
		<platform>all</platform>
		<license>GNU GENERAL PUBLIC LICENSE. Version 3, June 2007</license>
	</extension>
</addon>
