<fonts>
	<fontset id="Default" idloc="31390"> 
	
		<font>
			<name>font10</name>
			<filename>Arial.ttf</filename>
			<size>12</size>
		</font>
		<font>
			<name>font11</name>
			<filename>Arial.ttf</filename>
			<size>14</size>
		</font>
		<font>
			<name>font12</name>
			<filename>Arial.ttf</filename>
			<size>16</size>
		</font>
		<font>
			<name>font13</name>
			<filename>Arial.ttf</filename>
			<size>20</size>
		</font>
		<font>
			<name>font14</name>
			<filename>Arial.ttf</filename>
			<size>22</size>
		</font>
		<font>
			<name>font16</name>
			<filename>Arial.ttf</filename>
			<size>25</size>
		</font>
		<font>
			<name>font30</name>
			<filename>Arial.ttf</filename>
			<size>30</size>
		</font>
	
		<font>
			<name>font8_title</name>
			<filename>DejaVuSans-Bold.ttf</filename>
			<size>11</size>
		</font>
		<font>
			<name>font10_title</name>
			<filename>DejaVuSans-Bold.ttf</filename>
			<size>14</size>
		</font>
		<font>
			<name>font12_title</name>
			<filename>DejaVuSans-Bold.ttf</filename>
			<size>18</size>
		</font>
		<font>
			<name>font13_title</name>
			<filename>DejaVuSans-Bold.ttf</filename>
			<size>20</size>
		</font>
		<font>
			<name>font24_title</name>
			<filename>DejaVuSans-Bold.ttf</filename>
			<size>24</size>
		</font>
		<font>
			<name>font28_title</name>
			<filename>DejaVuSans-Bold.ttf</filename>
			<size>28</size>
		</font>
		<font>
			<name>font30_title</name>
			<filename>DejaVuSans-Bold.ttf</filename>
			<size>30</size>
		</font>

		<font>
			<name>WeatherTemp</name>
			<filename>DejaVuSans-Bold.ttf</filename>
			<size>80</size>
		</font>
		<font>
			<name>SkiaLight18</name>
			<filename>Skia.ttf</filename>
			<size>18</size>
		</font>
		<font>
			<name>SkiaLight24</name>
			<filename>Skia.ttf</filename>
			<size>24</size>
		</font>
		<font>
			<name>SkiaLightExtended34</name>
			<filename>Skia.ttf</filename>
			<size>34</size>
		</font>
		<font>
			<name>Skia26</name>
			<filename>Skia.ttf</filename>
			<size>26</size>
		</font>
		<font>
			<name>SkiaExtended40</name>
			<filename>Skia.ttf</filename>
			<size>40</size>
		</font>
	</fontset>

	<fontset id="Arial" idloc="31391" unicode="true"> 
	
		<font>
			<name>font10</name>
			<filename>Arial.ttf</filename>
			<size>12</size>
		</font>
		<font>
			<name>font11</name>
			<filename>Arial.ttf</filename>
			<size>14</size>
		</font>
		<font>
			<name>font12</name>
			<filename>Arial.ttf</filename>
			<size>16</size>
		</font>
		<font>
			<name>font13</name>
			<filename>Arial.ttf</filename>
			<size>20</size>
		</font>
		<font>
			<name>font14</name>
			<filename>Arial.ttf</filename>
			<size>22</size>
		</font>
		<font>
			<name>font16</name>
			<filename>Arial.ttf</filename>
			<size>25</size>
		</font>
		<font>
			<name>font30</name>
			<filename>Arial.ttf</filename>
			<size>30</size>
		</font>
	
		<font>
			<name>font8_title</name>
			<filename>Arial.ttf</filename>
			<size>11</size>
			<style>bold</style>
		</font>
		<font>
			<name>font10_title</name>
			<filename>Arial.ttf</filename>
			<size>14</size>
			<style>bold</style>
		</font>
		<font>
			<name>font12_title</name>
			<filename>Arial.ttf</filename>
			<size>18</size>
			<style>bold</style>
		</font>
		<font>
			<name>font13_title</name>
			<filename>Arial.ttf</filename>
			<size>20</size>
			<style>bold</style>
		</font>
		<font>
			<name>font24_title</name>
			<filename>Arial.ttf</filename>
			<size>24</size>
			<style>bold</style>
		</font>
		<font>
			<name>font28_title</name>
			<filename>Arial.ttf</filename>
			<size>28</size>
			<style>bold</style>
		</font>
		<font>
			<name>font30_title</name>
			<filename>Arial.ttf</filename>
			<size>30</size>
			<style>bold</style>
		</font>

		<font>
			<name>WeatherTemp</name>
			<filename>Arial.ttf</filename>
			<size>80</size>
			<style>bold</style>
		</font>
		<font>
			<name>SkiaLight18</name>
			<filename>Arial.ttf</filename>
			<size>18</size>
		</font>
		<font>
			<name>SkiaLight24</name>
			<filename>Arial.ttf</filename>
			<size>24</size>
		</font>
		<font>
			<name>SkiaLightExtended34</name>
			<filename>Arial.ttf</filename>
			<size>34</size>
		</font>
		<font>
			<name>Skia26</name>
			<filename>Arial.ttf</filename>
			<size>26</size>
		</font>
		<font>
			<name>SkiaExtended40</name>
			<filename>Arial.ttf</filename>
			<size>40</size>
		</font>
	</fontset>
</fonts>