<?xml version="1.0" encoding="UTF-8"?>
<window type="dialog" id="144">
	<include>16x9_xPos_Relocation</include>
	<coordinates>
		<system>1</system>
		<posx>442</posx>
		<posy>220</posy>
	</coordinates>
	<include>dialogeffect</include>
	<controls>
		<control type="image">
			<description>Header Background</description>
			<posx>0</posx>
			<posy>0</posy>
			<width>395</width>
			<height>60</height>
			<texture border="5">DialogHeader.png</texture>
		</control>
		<control type="group">
			<posx>325</posx>
			<posy>0</posy>
			<include>DialogCloseButtonCommons</include>
		</control>
		<control type="label" id="1">
			<description>header label</description>
			<posx>20</posx>
			<posy>0</posy>
			<include>WindowTitleCommons</include>
			<width>290</width>
			<label>$LOCALIZE[31321]</label>
		</control>
		<control type="image">
			<description>Background</description>
			<posx>0</posx>
			<posy>60</posy>
			<width>395</width>
			<height>140</height>
			<texture border="5">DialogBack.png</texture>
		</control>
		<control type="label" id="401">
			<description>Song Number Label</description>
			<posx>20</posx>
			<posy>80</posy>
			<width>355</width>
			<height>30</height>
			<font>font28_title</font>
			<textcolor>black</textcolor>
			<align>center</align>
			<aligny>center</aligny>
		</control>
		<control type="label" id="402">
			<description>Song Name Label</description>
			<posx>20</posx>
			<posy>150</posy>
			<width>355</width>
			<height>20</height>
			<font>font24</font>
			<align>center</align>
			<aligny>center</aligny>
			<textcolor>black</textcolor>
			<scroll>true</scroll>
		</control>
		<control type="group">
			<posx>0</posx>
			<posy>205</posy>
			<include>KeypadButtons</include>
		</control>
	</controls>
</window>
