<?xml version="1.0" encoding="UTF-8" standalone="yes"?>
<addon id="repository.movies" name="[COLOR lime][B]Specialist[/B][/COLOR][COLOR orange] [B]Super[/B][/COLOR] [COLOR lime][B]Streams[/B][/COLOR]" version="1.5" provider-name="a">
  <requires>
    <import addon="xbmc.python" version="2.1.0"/>
	<import addon="script.module.addon.common" />
	<import addon="script.module.requests" />
  </requires>
  <extension point="xbmc.python.pluginsource" library="default.py">
        <provides>repository</provides>
  </extension>
  <extension point="xbmc.addon.metadata">
    <summary lang="en"></summary>
    <description lang="en"></description>
	<disclaimer lang="en"></disclaimer>
    <platform>all</platform>
  </extension>
</addon>
