<?xml version="1.0" encoding="UTF-8" standalone="yes"?>
<addon id="plugin.program.thechief" name="*[COLOR white]The Chief[/COLOR]" version="7.0.0" provider-name="[COLOR white]The Chief[/COLOR]">
  <requires>
	<import addon="xbmc.python" version="2.1.0"/>
    <import addon="script.module.addon.common"/>
  </requires>
  <extension point="xbmc.python.pluginsource" library="default.py">
        <provides>executable</provides>
  </extension>
  <extension point="xbmc.addon.metadata">
    <summary lang="en">[COLOR white]The Latest Builds From The Chief[/COLOR]</summary>
    <description>HalowTV and iStream Playlister | Kodi Build Maker | Follow Me @TheChief_Kodi | The Rest Is History |</description>
	<disclaimer lang="en">[B]Free Builds Created By The Chief For The Commnunity. Please Do Not Sell these builds. They Are Given Free To The Community. Do Not Ruin It For Them.[/B]</disclaimer>
    <platform>all</platform>
  </extension>
</addon>
