<?xml version="1.0" encoding="UTF-8" standalone="yes"?>
<addon id="plugin.video.Brettus.Documentaries"
	name="[COLOR white]B[/COLOR][COLOR red]rettus[/COLOR][COLOR white] D[/COLOR][COLOR red]ocumentaries[/COLOR]"
	version="2.1.0"
	provider-name="Brettus">
  <requires>
    <import addon="xbmc.python" version="2.1.0"/>
    <import addon="script.module.addon.common" version="2.0.0"/>
    <import addon="plugin.video.youtube" version="5.0.0"/>
  </requires>
  <extension point="xbmc.python.pluginsource" library="Documentaries.py">
    <provides>video</provides>
  </extension>
  <extension point="xbmc.addon.metadata">
    <summary lang="en">Documentaries</summary>
    <description lang="en">.</description>
    <platform>all</platform>
    <forum>n/a</forum>
    <website>n/a</website>
  </extension>
</addon>
