<?xml version="1.0" encoding="UTF-8" standalone="yes"?>
<addon id="script.aftershock.core" name="aftershock-core" version="1.1.1" provider-name="AftershockPY">
  <requires>
    <import addon="xbmc.python" version="2.19.0"/>
  </requires>
  <extension point="xbmc.python.module" library="lib"/>
  <extension point="xbmc.addon.metadata">
    <summary></summary>
    <description></description>
    <platform>all</platform>
    <license>Simplified BSD</license>
    <source></source>
    <website></website>
  </extension>
</addon>
