<?xml version="1.0" encoding="UTF-8" standalone="yes"?>
<addon id="repository.nhlstreams" name="[COLOR red]NHL Streams[/COLOR] Repo" version="1.0.0" provider-name="iCanuck">
	<extension point="xbmc.addon.repository" name="NHL Streams Repository">
       <info>https://raw.githubusercontent.com/iCanuck/NHLstreams/master/zips/addons.xml</info>
       <checksum>https://raw.githubusercontent.com/iCanuck/NHLstreams/master/zips/addons.xml.md5</checksum>
       <datadir zip="true">https://raw.githubusercontent.com/iCanuck/NHLstreams/master/zips/</datadir>	
	</extension>
	<extension point="xbmc.addon.metadata">
		<summary>NHL Streams</summary>
		<description>NHL Streams</description>
		<platform>all</platform>
		<forum>https://forums.tvaddons.ag/live-sports-on-kodi/44271-nhl-streams.html#post349799</forum>
		<website>https://www.tvaddons.ag/</website>
	</extension>
</addon>
