<?xml version="1.0" encoding="UTF-8"?>
    <addon id="repository.thgiliwt" name="Thgiliwt Addon Repository" version="1.0.3" provider-name="Thgiliwt">
        <extension point="xbmc.addon.repository" name="Thgiliwt Addon Repository">
            <dir>
                <info compressed="false">https://offshoregit.com/tvaresolvers/tva-common-repository/raw/master/addons.xml</info>
                <checksum>https://offshoregit.com/tvaresolvers/tva-common-repository/raw/master/addons.xml.md5</checksum>
                <datadir zip="true">https://offshoregit.com/tvaresolvers/tva-common-repository/raw/master/zips/</datadir>
            </dir>
            <info compressed="false">https://offshoregit.com/thgiliwt/_repo-thgiliwt/addons.xml</info>
            <checksum>https://offshoregit.com/thgiliwt/_repo-thgiliwt/addons.xml.md5</checksum>
            <datadir zip="true">https://offshoregit.com/thgiliwt/_repo-thgiliwt/</datadir>
            <hashes>false</hashes>
        </extension>
        <extension point="xbmc.addon.metadata">
            <summary>Repository for AliveGR and other add-ons</summary>
            <description></description>
            <platform>all</platform>
        </extension>
    </addon>