﻿<?xml version="1.0" encoding="UTF-8" standalone="yes"?>
<addon id="repository.tknorris.beta" name="tknorris's Repository" version="1.0.6" provider-name="tknorris">
    <extension point="xbmc.addon.repository" name="tknorris's repository">
        <dir>
            <info compressed="false">https://github.com/zqfaen/tva-common/raw/master/addons.xml</info>
            <checksum>https://github.com/zqfaen/tva-common/raw/master/addons.xml.md5</checksum>
            <datadir zip="true">https://github.com/zqfaen/tva-common/raw/master/zips/</datadir>
        </dir>
        <dir>
            <info compressed="false">https://github.com/norris-addons/tknorris-beta-repo/raw/master/addons.xml</info>
            <checksum>https://github.com/norris-addons/tknorris-beta-repo/raw/master/addons.xml.md5</checksum>
            <datadir zip="true">https://github.com/norris-addons/tknorris-beta-repo/raw/master/zips/</datadir>
        </dir>
        <info compressed="false">https://github.com/tknorris/tknorris-beta-repo/raw/master/addons.xml</info>
        <checksum>https://github.com/tknorris/tknorris-beta-repo/raw/master/addons.xml.md5</checksum>
        <datadir zip="true">https://github.com/tknorris/tknorris-beta-repo/raw/master/zips/</datadir>
    </extension>
    <extension point="xbmc.addon.metadata">
        <summary>This is used ONLY for beta testing</summary>
        <description>tknorris's repository</description>
        <platform>all</platform>
    </extension>
</addon>

