<?xml version="1.0" encoding="UTF-8" standalone="yes"?>
<addon id="script.module.jesusboxmedia.common" name="Jesus Box Media Common Libraries" version="3.1.0" provider-name="Jesus Box Media">
	<requires>
		<import addon="xbmc.python" version="2.1.0" />
		<import addon="script.module.six" />
		<import addon="script.module.metahandler" />
		<import addon="script.module.beautifulsoup" />
	</requires>
	<extension point="xbmc.python.module" library="lib" />
	<extension point="xbmc.addon.metadata">
		<platform>all</platform>
		<summary lang="en">Collection of modules used by Jesus Box Media Addons</summary>
		<description lang="en">Collection of modules used by Jesus Box Media Addons</description>
		<license>GNU GENERAL PUBLIC LICENSE. Version 2, June 1991</license>
	</extension>
</addon>
