<?xml version="1.0" encoding="UTF-8"?>
    <addon id="repository.TDBREPO" name="TDB REPO 2.0" version="2000" provider-name="TDB">
        <requires>
            <import addon="xbmc.addon" version="12.0.0"/>
        </requires>
        <extension point="xbmc.addon.repository" name="TDB REPO 2.0">
            <info compressed="false">http://www.tdbrepo.tcomputers.ca/_repo/addons.xml</info>
            <checksum>http://www.tdbrepo.tcomputers.ca/_repo/addons.xml.md5</checksum>
            <datadir zip="true">http://www.tdbrepo.tcomputers.ca/_repo/</datadir>
            <hashes>false</hashes>
        </extension>
        <extension point="xbmc.addon.metadata">
            <summary>Wisely choose you Must!</summary>
            <description>By using this REPO, you take reponsibility for anything that happens. Some parts of this REPO may not be legal in your country - please check with your local laws before installing. I take no responsibility for any problems with this REPO in any way shape or form. This is a project for a LEARNING EXPERIENCE.</description>
            <platform>all</platform>
    </extension>
</addon>