<?xml version="1.0" encoding="UTF-8" standalone="yes"?>
<addon id="plugin.program.AznKodiConverter" name="TDB CONVERTER" version="1000" provider-name="TDB">
    <requires>
    </requires>
    <extension point="xbmc.python.pluginsource"
               library="default.py">
        <provides>executable</provides>
    </extension>
    <extension point="xbmc.addon.metadata">
        <summary>M3U TO XML CONVERTER</summary>
        <description>
		</description>
		<disclaimer></disclaimer>		
		<platform>all</platform>
		<license>http://www.gnu.org/licenses/</license>
		<forum></forum>
		<website></website>    
		<email></email>
		<mainsource></mainsource>    
		<source></source>	
    </extension>
</addon>