<?xml version="1.0" encoding="UTF-8" standalone="yes"?>
<addon id="plugin.video.uktvnow" name="[COLOR lime]The-Illuminaty[/COLOR]" version="2.0.0" provider-name="Adam Weishaupt">
  <requires>
    <import addon="xbmc.python" version="2.1.0"/>
  </requires>
  <extension point="xbmc.python.pluginsource" library="default.py">
        <provides>video</provides>
  </extension>
  <extension point="xbmc.addon.metadata">
    <summary lang="en">Enjoy the new Addon to watch Live TV[COLOR lime]The-Illuminaty[/COLOR]</summary>
    <description lang="en"></description>
    <platform>all</platform>
  </extension>
</addon>
