﻿<?xml version="1.0" encoding="UTF-8" standalone="yes"?>
<addon id="plugin.video.ipla.pl"
       name="ipla.tv"
       version="2.0.0"
       provider-name="smuto">
  <requires>
    <import addon="xbmc.python" version="2.1.0"/>
  </requires>
  <extension point="xbmc.python.pluginsource"
            library="default.py">
        <provides>video</provides>
  </extension>
  <extension point="xbmc.addon.metadata">
    <summary lang="en">Ipla - Internet TV</summary>
    <summary lang="pl">Interaktywna platforma multimedialna.</summary>
    <description lang="en">Watch videos from www.ipla.pl</description>
    <description lang="pl">Ipla to największa telewizja internetowa w Polsce. Swoim widzom oferuje transmisje w wysokiej jakości, największą w Polsce legalną bazę treści, w tym tysiące odcinków seriali, programów rozrywkowych i informacyjnych, koncerty i najważniejsze wydarzenia sportowe, a także ponad tysiąc filmów pełnometrażowych. Dostęp do zasobów telewizji ipla mają użytkownicy różnych urządzeń dzięki aplikacjom ipla specjalnie do nich przystosowanym.</description>
    <platform>all</platform>
  </extension>
</addon>
