<favourites>
	<favourite name="ALARAB" thumb="DefaultIconWarning.png">ActivateWindow(10025,&quot;plugin://plugin.video.alarab/&quot;,return)</favourite>
	<favourite name="Alqudseyes" thumb="DefaultIconWarning.png">ActivateWindow(10025,&quot;plugin://plugin.video.alqudseyes/&quot;,return)</favourite>
	<favourite name="Arabic Live Stream Super Collection" thumb="DefaultIconWarning.png">ActivateWindow(10025,&quot;plugin://plugin.video.ArabicStreamSuperCollection/&quot;,return)</favourite>
	<favourite name="CARTOONARABIC " thumb="DefaultIconWarning.png">ActivateWindow(10025,&quot;plugin://plugin.video.cartoonarabi/&quot;,return)</favourite>
	<favourite name="Panet" thumb="DefaultIconWarning.png">ActivateWindow(10025,&quot;plugin://plugin.video.panet/&quot;,return)</favourite>
	<favourite name="Sonara" thumb="DefaultIconWarning.png">ActivateWindow(10025,&quot;plugin://plugin.video.sonara/&quot;,return)</favourite>
</favourites>