<?xml version="1.0" encoding="UTF-8"?>
<addon id="skin.TDBTouched-K" version="1.08" name="TDB Touched Kodi" provider-name="TDB">
	<requires>
		<import addon="xbmc.gui" version="5.10.0"/>
	</requires>
	<extension point="xbmc.gui.skin" debugging="false">
		<res width="1280" height="960" aspect="4:3" folder="16x9"/>
		<res width="1706" height="960" aspect="16:9" default="true" folder="16x9"/>
	</extension>
	<extension point="xbmc.addon.metadata">
		<summary lang="en">KODI 16 ONLY!!! to be used on touch screen devices or Android TV with a mouse.</summary>
		<description lang="en"></description>
		<disclaimer lang="en"></disclaimer>
		<platform>all</platform>
		<license></license>
		<forum></forum>
		<website></website>
		<email></email>
		<source></source>
	</extension>
</addon>
