<?xml version="1.0" encoding="UTF-8" standalone="yes"?>
<addon id="plugin.video.et.canada"
       name="ET Canada"
       version="3.0.3"
       provider-name="t1m">
  <requires>
    <import addon="xbmc.python" version="2.20.0"/>
    <import addon="script.module.t1mlib" version="1.0.14"/>
  </requires>
  <extension point="xbmc.python.pluginsource"
            library="default.py">
        <provides>video</provides>
  </extension>
  <extension point="xbmc.addon.metadata">
    <summary lang="en">ET Canada - For Use Only In Canada</summary>
    <description lang="en">Entertainment Tonight Canada - For Use Only In Canada</description>
    <disclaimer lang="en">Feel free to use this script. For information visit the wiki.</disclaimer>
    <platform>all</platform>
    <language>en</language>
    <license>GNU GENERAL PUBLIC LICENSE. Version 2, June 1991</license>
    <forum></forum>
    <website>http://www.etcanada.com/</website>
    <email></email>
    <source>https://github.com/learningit/plugin.video.et.canada</source>
  </extension>
</addon>
