<?xml version="1.0" encoding="UTF-8" standalone="yes"?>
<addon id="plugin.video.Daffyslist"
       name="Daffys iptv/VOD list"
       version="1.0.2"
       provider-name="Daffyslist">
  <requires>
    <import addon="xbmc.python" version="2.1.0"/>
	<import addon="script.module.t0mm0.common" version="2.0.0"/>
    <import addon="script.module.beautifulsoup" version="3.2.1"/>
    <import addon="script.module.simple.downloader" version="0.9.4"/>
    <import addon="script.module.beautifulsoup4" />
    <import addon="script.module.simple.downloader" version="0.9.4"/>
    <import addon="script.module.requests" />
    <import addon="script.module.httplib2" />
    <import addon="script.module.youtube.dl" optional="true"/>
    <import addon="plugin.video.youtube" version="3.0.0"/>
    <import addon="script.module.urlresolver" optional="true"/>
    <import addon="script.module.simplejson" /> 
    <import addon="script.common.plugin.cache" version="2.5.2"/>
    <import addon="script.module.metahandler" version="2.5.1"/>

  </requires>
  <extension point="xbmc.python.pluginsource" library="default.py">
    <provides>video</provides>
  </extension>
  <extension point="xbmc.addon.metadata">
    <summary>All the best from Daffyslist</summary>
    <description>My lists iv collected together of iptv links and movies, i will update links when i have time.
	I host most of the links but have no control over streaming or buffering issues!! I can remove and or update most!!
	I have added cCloudTv as they update regular, also used Diavoletto Tv as they update everyday too Thanks to those guys:)
	Want your list adding here? get intouch...
Thats all Folks        
    </description>
    <platform>all</platform>
  </extension>
</addon>
