<?xml version="1.0" encoding="UTF-8" standalone="yes"?>
<addon id="plugin.video.aftershock" name="Aftershock" version="4.8.0" provider-name="...">
    <requires>
        <import addon="xbmc.python" version="2.19.0"/>
        <import addon="repository.aftershock" version="2.0.4"/>
        <import addon="script.aftershock.artwork" version="1.3.1"/>
        <import addon="script.module.urlresolver"  version="3.0.21"/>
		<import addon="script.module.metahandler"  version="1.0.0"/>
		<import addon="script.module.beautifulsoup" version="3.2.1"/>
        <import addon="script.aftershock.core" version="1.1.2"/>
        <import addon="script.aftershocknow.guide" version="1.0.1"/>
    </requires>
    <extension point="xbmc.python.pluginsource" library="aftershock.py">
        <provides>video</provides>
    </extension>
    <extension point="xbmc.addon.metadata">
        <summary lang="en">Watch Hindi Movies &amp; TV Shows</summary>
        <description lang="en"></description>
        <disclaimer lang="en"></disclaimer>
        <platform>all</platform>
        <forum></forum>
	    <website></website>
        <assets>
            <icon>icon.png</icon>
            <fanart>fanart.jpg</fanart>
            <screenshot>resources/screenshots/screenshot-01.png</screenshot>
            <screenshot>resources/screenshots/screenshot-02.png</screenshot>
            <screenshot>resources/screenshots/screenshot-03.png</screenshot>
        </assets>
        <news></news>
  </extension>
</addon>