<?xml version="1.0" encoding="UTF-8"?>
<window type="dialog" id="134">
	<defaultcontrol always="true">450</defaultcontrol>
	<include>16x9_xPos_Relocation</include>
	<include>Window_OpenClose_Animation_Zoom</include>
	<coordinates>
		<system>1</system>
		<posx>280</posx>
		<posy>80</posy>
	</coordinates>
	<controls>
		<control type="image">
			<posx>0</posx>
			<posy>0</posy>
			<width>720</width>
			<height>60</height>
			<texture border="5">DialogHeader.png</texture>
		</control>
		<control type="image">
			<posx>0</posx>
			<posy>60</posy>
			<width>720</width>
			<height>740</height>
			<texture border="5">DialogBack.png</texture>
		</control>
		<control type="label">
			<description>header label</description>
			<posx>20</posx>
			<posy>0</posy>
			<include>WindowTitleCommons</include>
			<width>600</width>
			<label>$LOCALIZE[1036]</label>
		</control>
		<control type="group">
			<posx>650</posx>
			<posy>0</posy>
			<include>DialogCloseButtonCommons</include>
		</control>
		<control type="list" id="450">
			<animation effect="slide" start="0,0" end="10,0" time="0" condition="!Control.IsVisible(60)">Conditional</animation>
			<posx>0</posx>
			<posy>60</posy>
			<width>680</width>
			<height>680</height>
			<onup>450</onup>
			<onleft>450</onleft>
			<onright>450</onright>
			<ondown>450</ondown>
			<pagecontrol>60</pagecontrol>
			<scrolltime>200</scrolltime>
			<itemlayout width="680" height="80">
				<control type="image">
					<posx>0</posx>
					<posy>-2</posy>
					<width>680</width>
					<height>5</height>
					<texture>separator.png</texture>
				</control>
				<control type="label">
					<posx>20</posx>
					<posy>0</posy>
					<width>530</width>
					<height>80</height>
					<font>font13</font>
					<align>left</align>
					<aligny>center</aligny>
					<textcolor>black</textcolor>
					<selectedcolor>selected</selectedcolor>
					<label>$INFO[ListItem.Label]</label>
				</control>
				<control type="image">
					<posx>560</posx>
					<posy>4</posy>
					<width>120</width>
					<height>72</height>
					<aspectratio align="right">keep</aspectratio>
					<fadetime>IconCrossfadeTime</fadetime>
					<texture>$INFO[ListItem.Icon]</texture>
					<bordertexture border="5">ThumbBorderGrey.png</bordertexture>
					<bordersize>2</bordersize>
				</control>
			</itemlayout>
			<focusedlayout width="680" height="80">
				<control type="image">
					<posx>0</posx>
					<posy>-2</posy>
					<width>680</width>
					<height>5</height>
					<texture>separator.png</texture>
				</control>
				<control type="label">
					<posx>20</posx>
					<posy>0</posy>
					<width>530</width>
					<height>80</height>
					<font>font13</font>
					<align>left</align>
					<aligny>center</aligny>
					<textcolor>black</textcolor>
					<selectedcolor>selected</selectedcolor>
					<label>$INFO[ListItem.Label]</label>
				</control>
				<control type="image">
					<posx>560</posx>
					<posy>4</posy>
					<width>120</width>
					<height>72</height>
					<aspectratio align="right">keep</aspectratio>
					<fadetime>IconCrossfadeTime</fadetime>
					<texture>$INFO[ListItem.Icon]</texture>
					<bordertexture border="5">ThumbBorderGrey.png</bordertexture>
					<bordersize>2</bordersize>
				</control>
			</focusedlayout>
		</control>
		<control type="scrollbar" id="60">
			<posx>690</posx>
			<posy>60</posy>
			<width>29</width>
			<height>680</height>
			<texturesliderbackground border="0,14,0,14">ScrollBarV.png</texturesliderbackground>
			<texturesliderbar border="0,14,0,14">ScrollBarV_bar.png</texturesliderbar>
			<texturesliderbarfocus border="0,14,0,14">ScrollBarV_bar_focus.png</texturesliderbarfocus>
			<textureslidernib>ScrollBarNib.png</textureslidernib>
			<textureslidernibfocus>ScrollBarNib.png</textureslidernibfocus>
			<onleft>3</onleft>
			<onright>3</onright>
			<ondown>60</ondown>
			<onup>60</onup>
			<showonepage>false</showonepage>
			<orientation>vertical</orientation>
			<animation effect="fade" time="150">Visible</animation>
			<animation effect="fade" time="150">Hidden</animation>
		</control>
		<control type="label">
			<description>Page label</description>
			<posx>680</posx>
			<posy>760</posy>
			<width>660</width>
			<height>30</height>
			<align>right</align>
			<aligny>center</aligny>
			<font>font13</font>
			<textcolor>black</textcolor>
			<label>($INFO[Container(450).NumItems]) $LOCALIZE[31025] - $LOCALIZE[31024] ($INFO[Container(450).CurrentPage]/$INFO[Container(450).NumPages])</label>
		</control>
	</controls>
</window>
