<?xml version="1.0" encoding="UTF-8"?>
<window id="123">
	<defaultcontrol>5</defaultcontrol>
	<include>16x9_xPos_Relocation</include>
	<include>Window_OpenClose_Animation_Zoom</include>
	<coordinates>
		<system>1</system>
		<posx>240</posx>
		<posy>80</posy>
	</coordinates>
	<controls>
		<control type="image">
			<description>Shadow Background for dialogs without BehindDialogFadeOut include</description>
			<posx>-30</posx>
			<posy>-30</posy>
			<width>860</width>
			<height>860</height>
			<texture border="30">DialogShadow.png</texture>
		</control>
		<control type="image">
			<posx>0</posx>
			<posy>0</posy>
			<width>800</width>
			<height>60</height>
			<texture border="5">DialogHeader.png</texture>
		</control>
		<control type="image">
			<posx>0</posx>
			<posy>60</posy>
			<width>800</width>
			<height>740</height>
			<texture border="5">DialogBack.png</texture>
		</control>
		<control type="label">
			<description>header label</description>
			<posx>20</posx>
			<posy>0</posy>
			<include>WindowTitleCommons</include>
			<width>700</width>
			<label>$LOCALIZE[3] - $LOCALIZE[5]</label>
			<visible>Window.IsVisible(123)</visible>
		</control>
		<control type="label">
			<description>header label</description>
			<posx>20</posx>
			<posy>0</posy>
			<include>WindowTitleCommons</include>
			<width>700</width>
			<label>$LOCALIZE[292] - $LOCALIZE[5]</label>
			<visible>Window.IsVisible(124)</visible>
		</control>
		<control type="group">
			<posx>730</posx>
			<posy>0</posy>
			<include>DialogCloseButtonCommons</include>
		</control>
		<control type="label" id="3">
			<description>No Settings Label</description>
			<posx>20</posx>
			<posy>180</posy>
			<width>760</width>
			<align>center</align>
			<label>13390</label>
			<font>font13_title</font>
		</control>
		<control type="grouplist" id="5">
			<description>control area</description>
			<posx>20</posx>
			<posy>60</posy>
			<width>760</width>
			<height>740</height>
			<itemgap>-1</itemgap>
			<pagecontrol>-</pagecontrol>
			<onleft>5</onleft>
			<onright>5</onright>
			<onup>5</onup>
			<ondown>5</ondown>
		</control>
		<control type="sliderex" id="10">
			<description>Default Slider</description>
			<height>55</height>
			<texturefocus border="0,2,0,2">MenuItemNF.png</texturefocus>
			<texturenofocus border="0,2,0,2">MenuItemNF.png</texturenofocus>
			<font>font13</font>
			<textcolor>black</textcolor>
		</control>
		<control type="button" id="7">
			<description>Default Button</description>
			<posx>0</posx>
			<posy>0</posy>
			<height>55</height>
			<font>font13</font>
			<textcolor>black</textcolor>
			<texturefocus border="0,2,0,2">MenuItemNF.png</texturefocus>
			<texturenofocus border="0,2,0,2">MenuItemNF.png</texturenofocus>
		</control>
		<control type="radiobutton" id="8">
			<description>Default RadioButton</description>
			<posx>0</posx>
			<posy>0</posy>
			<height>55</height>
			<font>font13</font>
			<textcolor>black</textcolor>
			<texturefocus border="0,2,0,2">MenuItemNF.png</texturefocus>
			<texturenofocus border="0,2,0,2">MenuItemNF.png</texturenofocus>
		</control>
		<control type="spincontrolex" id="9">
			<description>Default SpinControlex</description>
			<posx>0</posx>
			<posy>0</posy>
			<height>55</height>
			<font>font13</font>
			<textcolor>black</textcolor>
			<texturefocus border="0,2,0,2">MenuItemNF.png</texturefocus>
			<texturenofocus border="0,2,0,2">MenuItemNF.png</texturenofocus>
			<aligny>center</aligny>
			<reverse>yes</reverse>
		</control>
		<control type="image" id="11">
			<description>separator image</description>
			<height>5</height>
			<texture>separator.png</texture>
		</control>
	</controls>
</window>
