<favourites>
	<favourite name="KMedia NL (KickAss)" thumb="special://home/addons/plugin.video.kmediatorrent/icon.png">ActivateWindow(10025,&quot;plugin://plugin.video.kmediatorrent/kat/browse/usearch%2F[%SF%]%2520gesproken%2520%2520verified%253A1/1/seeders/desc&quot;)</favourite>
	<favourite name="Movies Genesis" thumb="special://home/addons/plugin.video.genesis/resources/art/gone/root_movies.jpg">ActivateWindow(10025,&quot;plugin://plugin.video.genesis/?action=movies_search&amp;query=[%SF%]&quot;)</favourite>
	<favourite name="TV Genesis" thumb="special://home/addons/plugin.video.genesis/resources/art/gone/root_shows.jpg">ActivateWindow(10025,&quot;plugin://plugin.video.genesis/?action=shows_search&amp;query=[%SF%]&quot;)</favourite>
	<favourite name="Actors Movies Genesis" thumb="special://home/addons/plugin.video.genesis/resources/art/gone/people_movies.jpg">ActivateWindow(10025,&quot;plugin://plugin.video.genesis/?action=people_movies&amp;query=[%SF%]&quot;)</favourite>
	<favourite name="Actors TV Genesis" thumb="special://home/addons/plugin.video.genesis/resources/art/gone/people_shows.jpg">ActivateWindow(10025,&quot;plugin://plugin.video.genesis/?action=people_shows&amp;query=[%SF%]&quot;)</favourite>
	<favourite name="BestOfYouTube" thumb="special://home/addons/plugin.video.bestofyoutube_com/icon.png">ActivateWindow(10025,&quot;plugin://plugin.video.bestofyoutube_com/?mode=supersearch&amp;query=[%SF%]&quot;)</favourite>
	<favourite name="Global Search" thumb="special://home/addons/script.globalsearch/icon.png">RunScript(&quot;script.globalsearch&quot;,searchstring:[%SF%])</favourite>
	<favourite name="Phoenix" thumb="special://home/addons/plugin.video.phstreams/icon.png">ActivateWindow(10025,&quot;plugin://plugin.video.phstreams/?audio=0&amp;content=0&amp;mode=savedsearch&amp;playable=false&amp;url=[%SF%]&quot;)</favourite>
	<favourite name="FilmDictator" thumb="special://home/addons/plugin.video.filmdictator/icon.png">ActivateWindow(10025,&quot;plugin://plugin.video.filmdictator/?description&amp;mode=5&amp;url=url&amp;query=[%SF%]&quot;)</favourite>
	<favourite name="The Mutts Nutz" thumb="special://home/addons/plugin.video.mutttsnutz/icon.png">ActivateWindow(10025,&quot;plugin://plugin.video.mutttsnutz/?mode=supersearch&amp;query=[%SF%]&amp;url=http://m.afdah.org&quot;)</favourite>
	<favourite name="Movies iStream" thumb="https://istream-xbmc-repo.googlecode.com/svn/images/xunity/search_movies.png">ActivateWindow(10025,&quot;plugin://script.icechannel/?indexer=movies&amp;indexer_id&amp;mode=search&amp;search_term=[%SF%]&amp;section=search&amp;type=movies&quot;)</favourite>
	<favourite name="TV iStream" thumb="https://istream-xbmc-repo.googlecode.com/svn/images/xunity/search_tv_shows.png">ActivateWindow(10025,&quot;plugin://script.icechannel/?indexer=tv_shows&amp;indexer_id&amp;mode=search&amp;search_term=[%SF%]&amp;section=search&amp;type=tv_shows&quot;)</favourite>
	<favourite name="Live-TV iStream" thumb="https://istream-xbmc-repo.googlecode.com/svn/images/xunity/search_live_tv.png">ActivateWindow(10025,&quot;plugin://script.icechannel/?indexer=live_tv&amp;indexer_id&amp;mode=search&amp;search_term=[%SF%]&amp;section=search&amp;type=live_tv&quot;)</favourite>
	<favourite name="Apple iTunes Podcasts" thumb="special://home/addons/plugin.video.itunes_podcasts/icon.png">ActivateWindow(10025,&quot;plugin://plugin.video.itunes_podcasts/video/podcasts/search/[%SF%]/&quot;)</favourite>
	<favourite name="Vimeo" thumb="special://home/addons/plugin.video.vimeo/icon.png">ActivateWindow(10025,&quot;plugin://plugin.video.vimeo/?api=search&amp;path=/root/search&amp;search=[%SF%]&quot;)</favourite>
	<favourite name="YouTube" thumb="special://home/addons/plugin.video.youtube/icon.png">ActivateWindow(10025,&quot;plugin://plugin.video.youtube/?feed=search&amp;path=/root/search&amp;search=[%SF%]&quot;)</favourite>
	<favourite name="DailyMotion" thumb="special://home/addons/plugin.video.dailymotion_com/icon.png">ActivateWindow(10025,&quot;plugin://plugin.video.dailymotion_com/?mode=supersearch&amp;query=[%SF%]&quot;)</favourite>
	<favourite name="BlipTV Shows" thumb="special://home/addons/plugin.video.blip_tv/icon.png">ActivateWindow(10025,&quot;plugin://plugin.video.blip_tv/?mode=supersearch&amp;query=[%SF%]&amp;url=shows&quot;)</favourite>
	<favourite name="BlipTV Episodes" thumb="special://home/addons/plugin.video.blip_tv/icon.png">ActivateWindow(10025,&quot;plugin://plugin.video.blip_tv/?mode=supersearch&amp;query=[%SF%]&amp;url=episodes&quot;)</favourite>
	<favourite name="Yify" thumb="special://home\addons/plugin.video.yifymovies.hd/resources/art/Search.png">ActivateWindow(10025,&quot;plugin://plugin.video.yifymovies.hd/?action=movies_search&amp;query=[%SF%]&amp;sf_options=fanart%3Dspecial%3A%2F%2Fhome%2Faddons%5Cplugin.video.yifymovies.hd%5Cfanart.jpg%26_options_sf&quot;)</favourite>
	<favourite name="Movies 1Channel" thumb="special://home/addons/plugin.video.1channel/icon.png">ActivateWindow(10025,&quot;plugin://plugin.video.1channel/?mode=Search&amp;section=movies&amp;query=[%SF%]&quot;)</favourite>
	<favourite name="TV 1Channel" thumb="special://home/addons/plugin.video.1channel/icon.png">ActivateWindow(10025,&quot;plugin://plugin.video.1channel/?mode=Search&amp;section=tv&amp;query=[%SF%]&quot;)</favourite>
	<favourite name="iSearch Audio" thumb="special://home/addons/plugin.program.super.favourites/icon.png">ActivateWindow(10501,&quot;plugin://plugin.program.super.favourites/?label=iSearch%20Audio&amp;mode=0&amp;image=special://home/addons/plugin.program.super.favourites/icon.png&amp;fanart=special://home/addons/plugin.program.super.favourites/fanart.jpg&quot;)</favourite>
	<favourite name="MP3 Albums" thumb="http://kinkin-xbmc-repository.googlecode.com/svn/trunk/zips/plugin.audio.mp3streams/art/searchalbums.jpg">ActivateWindow(10501,&quot;plugin://plugin.audio.mp3streams/?mode=25&amp;name=[%SF%]&amp;url=url&quot;)</favourite>
	<favourite name="MP3 Artist" thumb="http://kinkin-xbmc-repository.googlecode.com/svn/trunk/zips/plugin.audio.mp3streams/art/searchartists.jpg">ActivateWindow(10501,&quot;plugin://plugin.audio.mp3streams/?mode=27&amp;name=[%SF%]&amp;url=url&quot;)</favourite>
	<favourite name="MP3 Songs" thumb="http://kinkin-xbmc-repository.googlecode.com/svn/trunk/zips/plugin.audio.mp3streams/art/searchsongs.jpg">ActivateWindow(10501,&quot;plugin://plugin.audio.mp3streams/?mode=26&amp;name=[%SF%]&amp;url=url&quot;)</favourite>
	<favourite name="Tracks MusicBox" thumb="special://home/addons/plugin.audio.musicbox/resources/img/8tracks.png">ActivateWindow(10501,&quot;plugin://plugin.audio.musicbox/?fanart&amp;iconimage&amp;mode=26&amp;name=See%20%5bB%5d357761%5b%2fB%5d%20tracks%20found&amp;search_query=[%SF%]&amp;url=1&quot;)</favourite>
	<favourite name="Albums MusicBox" thumb="special://home/addons/plugin.audio.musicbox/resources/img/mymusic.png">ActivateWindow(10501,&quot;plugin://plugin.audio.musicbox/?fanart&amp;iconimage&amp;mode=27&amp;name=See%20%5bB%5d4544%5b%2fB%5d%20albums%20found&amp;search_query=[%SF%]&amp;url=1&quot;)</favourite>
	<favourite name="Popular Tracks MusicBox" thumb="special://home/addons/plugin.audio.musicbox/resources/img/charts.png">ActivateWindow(10501,&quot;plugin://plugin.audio.musicbox/?fanart&amp;iconimage&amp;mode=29&amp;name=List%20of%20the%20%5bB%5d1000%5b%2fB%5d%20more%20popular%20tracks&amp;search_query=[%SF%]&amp;url=1&quot;)</favourite>
	<favourite name="Sets MusicBox" thumb="special://home/addons/plugin.audio.musicbox/resources/img/digster.png">ActivateWindow(10501,&quot;plugin://plugin.audio.musicbox/?fanart&amp;iconimage&amp;mode=30&amp;name=See%20%5bB%5d2230%5b%2fB%5d%20setlists%20found&amp;search_query=[%SF%]&amp;url=1&quot;)</favourite>
	<favourite name="Playlists MusicBox" thumb="special://home/addons/plugin.audio.musicbox/resources/img/favorites.png">ActivateWindow(10501,&quot;plugin://plugin.audio.musicbox/?fanart&amp;iconimage&amp;mode=32&amp;name=See%20%5bB%5d17247%5b%2fB%5d%20playlists%20found&amp;search_query=[%SF%]&amp;url=1&quot;)</favourite>
	<favourite name="Soundtracks MusicBox" thumb="special://home/addons/plugin.audio.musicbox/resources/img/recomended.png">ActivateWindow(10501,&quot;plugin://plugin.audio.musicbox/?fanart&amp;iconimage&amp;mode=34&amp;name=See%20%5bB%5d16%5b%2fB%5d%20soundtracks%20found&amp;search_query=[%SF%]&amp;url=0&quot;)</favourite>
	<favourite name="Artists Bin@ural" thumb="http://kinkin-xbmc-repository.googlecode.com/svn/trunk/zips/plugin.audio.binaural/art/search.png">ActivateWindow(10501,&quot;plugin://plugin.audio.binaural/?artist&amp;iconimage=http%3a%2f%2fkinkin-xbmc-repository.googlecode.com%2fsvn%2ftrunk%2fzips%2fplugin.audio.binaural%2fart%2fsearch.png&amp;mode=27&amp;name=[%SF%]&amp;url=url&amp;sf_options=fanart%3Dspecial%3A%2F%2Fhome%2Faddons%5Cplugin.audio.binaural%5Cfanart.jpg%26_options_sf&quot;)</favourite>
	<favourite name="Albums Bin@ural" thumb="http://kinkin-xbmc-repository.googlecode.com/svn/trunk/zips/plugin.audio.binaural/art/search.png">ActivateWindow(10501,&quot;plugin://plugin.audio.binaural/?artist&amp;iconimage=http%3a%2f%2fkinkin-xbmc-repository.googlecode.com%2fsvn%2ftrunk%2fzips%2fplugin.audio.binaural%2fart%2fsearch.png&amp;mode=25&amp;name=[%SF%]&amp;url=url&amp;sf_options=fanart%3Dspecial%3A%2F%2Fhome%2Faddons%5Cplugin.audio.binaural%5Cfanart.jpg%26_options_sf&quot;)</favourite>
	<favourite name="Tracks Bin@ural" thumb="http://kinkin-xbmc-repository.googlecode.com/svn/trunk/zips/plugin.audio.binaural/art/search.png">ActivateWindow(10501,&quot;plugin://plugin.audio.binaural/?artist&amp;iconimage=http%3a%2f%2fkinkin-xbmc-repository.googlecode.com%2fsvn%2ftrunk%2fzips%2fplugin.audio.binaural%2fart%2fsearch.png&amp;mode=26&amp;name=[%SF%]&amp;artist=1&amp;url=url&amp;sf_options=fanart%3Dspecial%3A%2F%2Fhome%2Faddons%5Cplugin.audio.binaural%5Cfanart.jpg%26_options_sf&quot;)</favourite>
	<favourite name="Artists/Directors Bin@ural" thumb="http://kinkin-xbmc-repository.googlecode.com/svn/trunk/zips/plugin.audio.binaural/art/search.png">ActivateWindow(10501,&quot;plugin://plugin.audio.binaural/?artist&amp;iconimage=http%3a%2f%2fkinkin-xbmc-repository.googlecode.com%2fsvn%2ftrunk%2fzips%2fplugin.audio.binaural%2fart%2fsearchartists.jpg&amp;mode=1322&amp;name=Search%20Artists%2fDirectors&amp;search_query=[%SF%]&amp;url=artist&amp;sf_options=fanart%3Dspecial%3A%2F%2Fhome%2Faddons%2Fplugin.audio.binaural%2Ffanart.jpg%26_options_sf&quot;)</favourite>
	<favourite name="Videos Bin@ural" thumb="http://kinkin-xbmc-repository.googlecode.com/svn/trunk/zips/plugin.audio.binaural/art/video.png">ActivateWindow(10501,&quot;plugin://plugin.audio.binaural/?artist&amp;iconimage=http%3a%2f%2fkinkin-xbmc-repository.googlecode.com%2fsvn%2ftrunk%2fzips%2fplugin.audio.binaural%2fart%2fsearchalbums.jpg&amp;mode=1322&amp;name=Search%20Videos&amp;search_query=[%SF%]&amp;url=video&amp;sf_options=fanart%3Dspecial%3A%2F%2Fhome%2Faddons%2Fplugin.audio.binaural%2Ffanart.jpg%26_options_sf&quot;)</favourite>
	<favourite name="Icefilms" thumb="special://home/addons/plugin.video.icefilms/resources/art/search.png">ActivateWindow(video,&quot;plugin://plugin.video.icefilms/?mode=5555&amp;name=Search&amp;url=http://www.icefilms.info/&amp;nextPage=0&amp;search=[%SF%]&quot;)</favourite>
	<favourite name="iPlayer" thumb="special://home/addons/plugin.video.iplayer/resources/media/search.png">ActivateWindow(video,&quot;plugin://plugin.video.iplayer/?label=[%SF%]&amp;listing=search&amp;tvradio=tv&quot;)</favourite>
	<favourite name="Yify HD" thumb="http://static.yts.re/assets/images/og_yts_logo.png">ActivateWindow(10025,&quot;plugin://plugin.video.yifymovies.hd/?action=movies_search&amp;query=[%SF%]&quot;)</favourite>
	<favourite name="Funnier Moments" thumb="special://home/addons\plugin.video.funniermoments\resources\artwork\search.png">ActivateWindow(10025,&quot;plugin://plugin.video.funniermoments/?image=C%3a%5cDocuments%20and%20Settings%5cSeanP%5cApplication%20Data%5cXBMC%5caddons%5cplugin.video.funniermoments%5cresources%5cartwork%5csearch.png&amp;mode=800&amp;page=1&amp;title=Search%20Moments&amp;keyword=[%SF%]&quot;)</favourite>
	<favourite name="Super Cartoons" thumb="special://home/addons\plugin.video.supercartoons\resources\artwork\search.png">ActivateWindow(10025,&quot;plugin://plugin.video.supercartoons/?image=C%3a%5cDocuments%20and%20Settings%5cSeanP%5cApplication%20Data%5cXBMC%5caddons%5cplugin.video.supercartoons%5cresources%5cartwork%5csearch.png&amp;mode=1100&amp;page=1&amp;title=Search&amp;keyword=[%SF%]&quot;)</favourite>
	<favourite name="NoobRoom" thumb="special://home\addons\plugin.video.NoobRoom\icon.png">ActivateWindow(10025,&quot;plugin://plugin.video.NoobRoom/?mode=17&amp;name=[%SF%]&amp;url=search&quot;)</favourite>
	<favourite name="Movies Viooz" thumb="special://home/addons/plugin.video.viooz.co/resources/art/Movies.png">ActivateWindow(10025,&quot;plugin://plugin.video.viooz.co/?action=movies_search&amp;query=[%SF%]&amp;sf_options=fanart%3Dspecial%3A%2F%2Fhome%2Faddons%2Fplugin.video.viooz.co%2Ffanart.jpg%26_options_sf&quot;)</favourite>
	<favourite name="Directors Viooz" thumb="special://home/addons/plugin.video.viooz.co/resources/art/Directors.png">ActivateWindow(10025,&quot;plugin://plugin.video.viooz.co/?action=movies_directors_search&amp;query=[%SF%]&amp;sf_options=fanart%3Dspecial%3A%2F%2Fhome%2Faddons%2Fplugin.video.viooz.co%2Ffanart.jpg%26_options_sf&quot;)</favourite>
	<favourite name="Actors Viooz" thumb="special://home/addons/plugin.video.viooz.co/resources/art/Actors.png">ActivateWindow(10025,&quot;plugin://plugin.video.viooz.co/?action=movies_actors_search&amp;query=[%SF%]&amp;sf_options=fanart%3Dspecial%3A%2F%2Fhome%2Faddons%2Fplugin.video.viooz.co%2Ffanart.jpg%26_options_sf&quot;)</favourite>
	<favourite name="KissCartoon" thumb="special://home/addons/plugin.video.kisscartoon/icon.png">ActivateWindow(10025,&quot;plugin://plugin.video.kisscartoon/?mode=Search&amp;pagecount=1&amp;pageno=1&amp;title=[%SF%]&quot;)</favourite>
	<favourite name="Cartoons8" thumb="special://home/addons/plugin.video.cartoons8/icon.png">ActivateWindow(10025,&quot;plugin://plugin.video.cartoons8/?mode=9&amp;url=http://cartoons8.com&amp;query=[%SF%]&quot;)</favourite>
	<favourite name="CartoonGo Movies" thumb="special://home/addons/plugin.video.cartoongo/icon.png">ActivateWindow(10025,&quot;plugin://plugin.video.cartoongo/?mode=29&amp;url=http://api.animetoon.tv/GetAllMovies&amp;query=[%SF%]&quot;)</favourite>
	<favourite name="CartoonGo Shows" thumb="special://home/addons/plugin.video.cartoongo/icon.png">ActivateWindow(10025,&quot;plugin://plugin.video.cartoongo/?mode=30&amp;url=http://api.animetoon.tv/GetAllCartoon&amp;query=[%SF%]&quot;)</favourite>
	<favourite name="CartoonWorld" thumb="special://home/addons/plugin.video.tbh.cartoonworld/icon.png">ActivateWindow(10025,&quot;plugin://plugin.video.tbh.cartoonworld/?mode=Search&amp;title=[%SF%]&amp;site&quot;)</favourite>
	<favourite name="KMedia ExtraTorrent" thumb="special://home/addons/plugin.video.kmediatorrent/icon.png">ActivateWindow(10025,&quot;plugin://plugin.video.kmediatorrent/kat/browse/usearch%2F[%SF%]%2520nl%2520gesproken%2520%2520verified%253A1/1/seeders/desc&quot;)</favourite>
	<favourite name="KMedia Yify (Movies)" thumb="special://home/addons/plugin.video.kmediatorrent/icon.png">ActivateWindow(10025,&quot;plugin://plugin.video.kmediatorrent/yify/search/[%SF%]/1&quot;)</favourite>
	<favourite name="Movies 1Channel" thumb="special://home/addons/plugin.video.1channel/icon.png">ActivateWindow(10025,&quot;plugin://plugin.video.1channel/?mode=Search&amp;section=movies&amp;query=[%SF%]&quot;)</favourite>
	<favourite name="TV 1Channel" thumb="special://home/addons/plugin.video.1channel/icon.png">ActivateWindow(10025,&quot;plugin://plugin.video.1channel/?mode=Search&amp;section=tv&amp;query=[%SF%]&quot;)</favourite>
	<favourite name="YouTube 4.x.x" thumb="special://home\addons\plugin.video.youtube\icon.png">ActivateWindow(10025,&quot;plugin://plugin.video.youtube/?feed=search&amp;path=%2froot%2fsearch&amp;search=[%SF%]&quot;)</favourite>
	<favourite name="YouTube 5.x.x" thumb="special://home\addons\plugin.video.youtube\icon.png">ActivateWindow(10025,&quot;plugin://plugin.video.youtube/kodion/search/query/?q=[%SF%]&amp;sf_options=fanart%3Dspecial%3A%2F%2Fhome%2Faddons%5Cplugin.video.youtube%5Cfanart.jpg%26_options_sf&quot;)</favourite>
	<favourite name="XBMCtorrent" thumb="special://home\addons\plugin.video.xbmctorrent\icon.png">ActivateWindow(10025,&quot;plugin://plugin.video.xbmctorrent/tpb/search?query=[%SF%]&amp;sf_options=fanart%3Dspecial%3A%2F%2Fhome%2Faddons%5Cplugin.video.xbmctorrent%5Cfanart.jpg%26_options_sf&quot;)</favourite>
	<favourite name="PFTV Search All" thumb="special://home/addons\plugin.video.projectfreetv/icons/Search.png">ActivateWindow(10025,&quot;plugin://plugin.video.projectfreetv/?mode=search&amp;section=all&amp;name=[%SF%]&amp;sf_options=fanart%3Dspecial%3A%2F%2Fhome%2Faddons%5Cplugin.video.projectfreetv%5Cfanart.jpg%26_options_sf&quot;,return)</favourite>
	<favourite name="PFTV Movies" thumb="special://home/addons\plugin.video.projectfreetv/icons/Search.png">ActivateWindow(10025,&quot;plugin://plugin.video.projectfreetv/?mode=search&amp;section=movies&amp;name=[%SF%]&amp;sf_options=fanart%3Dspecial%3A%2F%2Fhome%2Faddons%5Cplugin.video.projectfreetv%5Cfanart.jpg%26_options_sf&quot;,return)</favourite>
	<favourite name="PFTV TV Shows" thumb="special://home/addons\plugin.video.projectfreetv/icons/Search.png">ActivateWindow(10025,&quot;plugin://plugin.video.projectfreetv/?mode=search&amp;section=shows&amp;name=[%SF%]&amp;sf_options=fanart%3Dspecial%3A%2F%2Fhome%2Faddons%5Cplugin.video.projectfreetv%5Cfanart.jpg%26_options_sf&quot;,return)</favourite>
	<favourite name="SALTS Movies" thumb="special://home/addons\plugin.video.salts\art\themes\Iconic\movies_search.png">ActivateWindow(10025,&quot;plugin://plugin.video.salts/?query=[%SF%]&amp;section=Movies&amp;mode=search_results&amp;sf_options=fanart%3Dspecial%3A%2F%2Fhome%2Faddons%5Cplugin.video.salts%5Cart%5Cthemes%5CIconic%5Cfanart.jpg%26_options_sf&quot;,return)</favourite>
	<favourite name="SALTS TV Shows" thumb="special://home/addons\plugin.video.salts\art\themes\Iconic\television_search.png">ActivateWindow(10025,&quot;plugin://plugin.video.salts/?query=[%SF%]&amp;section=TV&amp;mode=search_results&amp;sf_options=fanart%3Dspecial%3A%2F%2Fhome%2Faddons%5Cplugin.video.salts%5Cart%5Cthemes%5CIconic%5Cfanart.jpg%26_options_sf&quot;,return)</favourite>
</favourites>