<?xml version="1.0" encoding="UTF-8"?>
<window id="103">
	<defaultcontrol always="true">65</defaultcontrol>
	<coordinates>
		<system>1</system>
		<posx>0</posx>
		<posy>0</posy>
	</coordinates>
	<controls>
		<control type="image">
			<posx>0</posx>
			<posy>0</posy>
			<width>ScreenWidth</width>
			<height>ScreenHeight</height>
			<texture>black-back.png</texture>
			<animation effect="fade" time="400">WindowOpen</animation>
			<animation effect="fade" time="200">WindowClose</animation>
		</control>
		<control type="button">
			<description>Hidden button to close the keyboard when its focused</description>
			<posx>0</posx>
			<posy>0</posy>
			<width>ScreenWidth</width>
			<height>ScreenHeight</height>
			<texturenofocus>-</texturenofocus>
			<texturefocus>-</texturefocus>
			<onclick>Back</onclick>
		</control>
		<control type="group">
			<include>16x9_xPos_Relocation</include>
			<animation effect="slide" start="0,500" end="0,0" time="400" easing="out" tween="quadratic" >WindowOpen</animation>
			<animation effect="slide" start="0,0" end="0,500" time="400" easing="in" tween="quadratic" >WindowClose</animation>
			<animation effect="slide" start="0,0" end="0,500" time="400" easing="in" tween="quadratic" condition="Window.IsVisible(numericinput)">Conditional</animation>
			<posx>15</posx>
			<posy>500r</posy>
			<control type="button">
				<posx>0</posx>
				<posy>0</posy>
				<width>ScreenWidth</width>
				<height>500</height>
				<texturenofocus>-</texturenofocus>
				<texturefocus>-</texturefocus>
				<onclick>noop</onclick>
			</control>
			<control type="image">
				<posx>0</posx>
				<posy>0</posy>
				<width>1201</width>
				<height>60</height>
				<aspectratio>stretch</aspectratio>
				<texture border="20">KeyboardEditArea.png</texture>
			</control>	
			<control type="edit" id="312">
				<description>Edit Text</description>
				<posx>0</posx>
				<posy>0</posy>
				<width>1201</width>
				<height>60</height>
				<font>font16</font>
				<align>center</align>
				<aligny>center</aligny>
				<texturenofocus>-</texturenofocus>
				<texturefocus>-</texturefocus>
			</control>
			<control type="label" id="311">
				<description>dialog Heading</description>
				<posx>0</posx>
				<posy>-30</posy>
				<width>1201</width>
				<height>20</height>
				<font>font13_title</font>
				<textcolor>white</textcolor>
				<shadowcolor>black</shadowcolor>
				<align>center</align>
				<aligny>center</aligny>
			</control>
			<control type="group">
				<posx>0</posx>
				<posy>70</posy>
<!-- First Row -->

				<control type="grouplist">
					<orientation>horizontal</orientation>
					<itemgap>0</itemgap>
					<control type="image">
						<description>Blank image</description>
						<posx>0</posx>
						<posy>0</posy>
						<width>65</width>
						<height>80</height>
						<texture border="5">KeyboardKeyDark.png</texture>
					</control>
					<control type="button" id="100">
						<description>(0,0) key button</description>
						<onup>32</onup>
						<ondown>120</ondown>
						<include>KeyboardButton</include>
					</control>
					<control type="button" id="101">
						<description>(0,1) key button</description>
						<onup>32</onup>
						<ondown>121</ondown>
						<include>KeyboardButton</include>
					</control>
					<control type="button" id="102">
						<description>(0,2) key button</description>
						<onup>32</onup>
						<ondown>122</ondown>
						<include>KeyboardButton</include>
					</control>
					<control type="button" id="103">
						<description>(0,3) key button</description>
						<onup>32</onup>
						<ondown>123</ondown>
						<include>KeyboardButton</include>
					</control>
					<control type="button" id="104">
						<description>(0,4) key button</description>
						<onup>8</onup>
						<ondown>124</ondown>
						<include>KeyboardButton</include>
					</control>
					<control type="button" id="105">
						<description>(0,5) key button</description>
						<onup>8</onup>
						<ondown>125</ondown>
						<include>KeyboardButton</include>
					</control>
					<control type="button" id="106">
						<description>(0,6) key button</description>
						<onup>8</onup>
						<ondown>126</ondown>
						<include>KeyboardButton</include>
					</control>
					<control type="button" id="107">
						<description>(0,7) key button</description>
						<onup>8</onup>
						<ondown>127</ondown>
						<include>KeyboardButton</include>
					</control>
					<control type="button" id="108">
						<description>(0,8) key button</description>
						<onup>305</onup>
						<ondown>128</ondown>
						<include>KeyboardButton</include>
					</control>
					<control type="button" id="109">
						<description>(0,9) key button</description>
						<onup>305</onup>
						<ondown>129</ondown>
						<include>KeyboardButton</include>
					</control>
					<control type="button" id="110">
						<description>(0,10) key button</description>
						<onup>306</onup>
						<ondown>130</ondown>
						<include>KeyboardButton</include>
					</control>
					<control type="button" id="111">
						<description>(0,11) key button</description>
						<onup>306</onup>
						<ondown>131</ondown>
						<include>KeyboardButton</include>
					</control>
					<control type="togglebutton" id="304">
						<description>Symbols button</description>
						<width>186</width>
						<height>80</height>
						<texturenofocus border="5">KeyboardKeyDark.png</texturenofocus>
						<texturefocus border="5">KeyboardKeyFocus.png</texturefocus>
						<alttexturenofocus border="5">KeyboardKeyDark.png</alttexturenofocus>
						<alttexturefocus border="5">KeyboardKeyFocus.png</alttexturefocus>
						<textcolor>white</textcolor>
						<font>font16</font>
						<align>center</align>
						<aligny>center</aligny>
						<label>@#$!</label>
						<altlabel>[COLOR=blue]@#$%[/COLOR]</altlabel>
					</control>
				</control>
<!-- Second Row -->
				<control type="grouplist">
					<posy>80</posy>
					<orientation>horizontal</orientation>
					<itemgap>0</itemgap>
					<control type="button" id="307">
						<description>IP Input button</description>
						<posx>0</posx>
						<posy>85</posy>
						<width>95</width>
						<height>80</height>
						<texturenofocus border="5">KeyboardKeyDark.png</texturenofocus>
						<texturefocus border="5">KeyboardKeyFocus.png</texturefocus>
						<textcolor>white</textcolor>
						<font>font16</font>
						<align>center</align>
						<aligny>center</aligny>
						<label>31003</label>
					</control>
					<control type="button" id="120">
						<description>(1,0) key button</description>
						<onup>100</onup>
						<ondown>140</ondown>
						<include>KeyboardButton</include>
					</control>
					<control type="button" id="121">
						<description>(1,1) key button</description>
						<onup>101</onup>
						<ondown>141</ondown>
						<include>KeyboardButton</include>
					</control>
					<control type="button" id="122">
						<description>(1,2) key button</description>
						<onup>102</onup>
						<ondown>142</ondown>
						<include>KeyboardButton</include>
					</control>
					<control type="button" id="123">
						<description>(1,3) key button</description>
						<onup>103</onup>
						<ondown>143</ondown>
						<include>KeyboardButton</include>
					</control>
					<control type="button" id="124">
						<description>(1,4) key button</description>
						<onup>104</onup>
						<ondown>144</ondown>
						<include>KeyboardButton</include>
					</control>
					<control type="button" id="125">
						<description>(1,5) key button</description>
						<onup>105</onup>
						<ondown>145</ondown>
						<include>KeyboardButton</include>
					</control>
					<control type="button" id="126">
						<description>(1,6) key button</description>
						<onup>106</onup>
						<ondown>146</ondown>
						<include>KeyboardButton</include>
					</control>
					<control type="button" id="127">
						<description>(1,7) key button</description>
						<onup>107</onup>
						<ondown>147</ondown>
						<include>KeyboardButton</include>
					</control>
					<control type="button" id="128">
						<description>(1,8) key button</description>
						<onup>108</onup>
						<ondown>148</ondown>
						<include>KeyboardButton</include>
					</control>
					<control type="button" id="129">
						<description>(1,9) key button</description>
						<onup>109</onup>
						<ondown>149</ondown>
						<include>KeyboardButton</include>
					</control>
					<control type="button" id="130">
						<description>(1,10) key button</description>
						<onup>110</onup>
						<ondown>150</ondown>
						<include>KeyboardButton</include>
					</control>
					<control type="button" id="131">
						<description>(1,11) key button</description>
						<onup>111</onup>
						<ondown>151</ondown>
						<include>KeyboardButton</include>
					</control>
					<control type="group">
						<posx>0</posx>
						<posy>0</posy>
						<width>156</width>
						<height>80</height>
						<control type="button" id="8">
							<description>'BACKSPACE' button</description>
							<posx>0</posx>
							<posy>0</posy>
							<width>156</width>
							<height>80</height>
							<texturenofocus border="5">KeyboardKeyDark.png</texturenofocus>
							<texturefocus border="5">KeyboardKeyFocus.png</texturefocus>
							<textcolor>white</textcolor>
							<font>font16</font>
							<align>center</align>
							<aligny>center</aligny>
							<label>-</label>
						</control>
						<control type="image">
							<description>BackSpace Icon image</description>
							<posx>53</posx>
							<posy>15</posy>
							<width>50</width>
							<height>50</height>
							<texture>icon_backspace.png</texture>
						</control>
					</control>
				</control>
<!-- Third Row -->
				<control type="grouplist">
					<posy>160</posy>
					<orientation>horizontal</orientation>
					<itemgap>0</itemgap>
					<control type="togglebutton" id="303">
						<description>CAPS LOCK button</description>
						<posx>0</posx>
						<posy>170</posy>
						<width>125</width>
						<height>80</height>
						<texturenofocus border="5">KeyboardKeyDark.png</texturenofocus>
						<texturefocus border="5">KeyboardKeyFocus.png</texturefocus>
						<alttexturenofocus border="5">KeyboardKeyDark.png</alttexturenofocus>
						<alttexturefocus border="5">KeyboardKeyFocus.png</alttexturefocus>
						<textcolor>white</textcolor>
						<font>font13</font>
						<align>center</align>
						<aligny>center</aligny>
						<label>31004</label>
						<altlabel>[COLOR=blue]$LOCALIZE[31004][/COLOR]</altlabel>
					</control>
					<control type="button" id="140">
						<description>(2,0) key button</description>
						<onup>120</onup>
						<ondown>160</ondown>
						<include>KeyboardButton</include>
					</control>
					<control type="button" id="141">
						<description>(2,1) key button</description>
						<onup>121</onup>
						<ondown>161</ondown>
						<include>KeyboardButton</include>
					</control>
					<control type="button" id="142">
						<description>(2,2) key button</description>
						<onup>122</onup>
						<ondown>162</ondown>
						<include>KeyboardButton</include>
					</control>
					<control type="button" id="143">
						<description>(2,3) key button</description>
						<onup>123</onup>
						<ondown>163</ondown>
						<include>KeyboardButton</include>
					</control>
					<control type="button" id="144">
						<description>(2,4) key button</description>
						<onup>124</onup>
						<ondown>164</ondown>
						<include>KeyboardButton</include>
					</control>
					<control type="button" id="145">
						<description>(2,5) key button</description>
						<onup>125</onup>
						<ondown>165</ondown>
						<include>KeyboardButton</include>
					</control>
					<control type="button" id="146">
						<description>(2,6) key button</description>
						<onup>126</onup>
						<ondown>166</ondown>
						<include>KeyboardButton</include>
					</control>
					<control type="button" id="147">
						<description>(2,7) key button</description>
						<onup>127</onup>
						<ondown>167</ondown>
						<include>KeyboardButton</include>
					</control>
					<control type="button" id="148">
						<description>(2,8) key button</description>
						<onup>128</onup>
						<ondown>168</ondown>
						<include>KeyboardButton</include>
					</control>
					<control type="button" id="149">
						<description>(2,9) key button</description>
						<onup>129</onup>
						<ondown>169</ondown>
						<include>KeyboardButton</include>
					</control>
					<control type="button" id="150">
						<description>(2,10) key button</description>
						<onup>130</onup>
						<ondown>170</ondown>
						<include>KeyboardButton</include>
					</control>
					<control type="button" id="151">
						<description>(2,11) key button</description>
						<onup>131</onup>
						<ondown>171</ondown>
						<include>KeyboardButton</include>
					</control>
					<control type="group">
						<posx>0</posx>
						<posy>0</posy>
						<width>220</width>
						<height>80</height>
						<visible>IsEmpty(Control.GetLabel(149))</visible>
						<control type="button" id="300">
							<description>DONE button</description>
							<posx>0</posx>
							<posy>0</posy>
							<width>220</width>
							<height>80</height>
							<texturenofocus border="5">KeyboardKeyDark.png</texturenofocus>
							<texturefocus border="5">KeyboardKeyFocus.png</texturefocus>
							<textcolor>white</textcolor>
							<font>font16</font>
							<align>center</align>
							<aligny>center</aligny>
							<label>-</label>
							<visible>IsEmpty(Control.GetLabel(149))</visible>
						</control>
						<control type="image">
							<description>Enter\done Icon image</description>
							<posx>85</posx>
							<posy>15</posy>
							<width>50</width>
							<height>50</height>
							<aspectratio>keep</aspectratio>
							<texture>icon_enter.png</texture>
						</control>
					</control>
					<control type="group">
						<posx>0</posx>
						<posy>0</posy>
						<width>125</width>
						<height>80</height>
						<visible>!IsEmpty(Control.GetLabel(149))</visible>
						<control type="button" id="300">
							<description>DONE button</description>
							<posx>0</posx>
							<posy>0</posy>
							<width>125</width>
							<height>80</height>
							<texturenofocus border="5">KeyboardKeyDark.png</texturenofocus>
							<texturefocus border="5">KeyboardKeyFocus.png</texturefocus>
							<textcolor>white</textcolor>
							<font>font16</font>
							<align>center</align>
							<aligny>center</aligny>
							<label>-</label>
							<visible>!IsEmpty(Control.GetLabel(149))</visible>
						</control>
						<control type="image">
							<description>Enter\done Icon image</description>
							<posx>37</posx>
							<posy>15</posy>
							<width>50</width>
							<height>50</height>
							<aspectratio>keep</aspectratio>
							<texture>icon_enter.png</texture>
						</control>
					</control>
				</control>
<!-- Forth Row -->
				<control type="grouplist">
					<posy>240</posy>
					<orientation>horizontal</orientation>
					<itemgap>0</itemgap>
					<control type="group">
						<posx>0</posx>
						<posy>0</posy>
						<width>150</width>
						<height>80</height>
						<control type="button" id="302">
							<description>SHIFT button</description>
							<posx>0</posx>
							<posy>0</posy>
							<width>150</width>
							<height>80</height>
							<texturenofocus border="5">KeyboardKeyDark.png</texturenofocus>
							<texturefocus border="5">KeyboardKeyFocus.png</texturefocus>
							<textcolor>white</textcolor>
							<font>font16</font>
							<align>left</align>
							<aligny>center</aligny>
							<label>-</label>
						</control>
						<control type="image">
							<description>Enter\done Icon image</description>
							<posx>50</posx>
							<posy>15</posy>
							<width>50</width>
							<height>50</height>
							<aspectratio>keep</aspectratio>
							<texture>icon_shift.png</texture>
						</control>
					</control>
					<control type="button" id="160">
						<description>(3,0) key button</description>
						<onup>140</onup>
						<ondown>32</ondown>
						<include>KeyboardButton</include>
					</control>
					<control type="button" id="161">
						<description>(3,1) key button</description>
						<onup>141</onup>
						<ondown>32</ondown>
						<include>KeyboardButton</include>
					</control>
					<control type="button" id="162">
						<description>(3,2) key button</description>
						<onup>142</onup>
						<ondown>32</ondown>
						<include>KeyboardButton</include>
					</control>
					<control type="button" id="163">
						<description>(3,3) key button</description>
						<onup>143</onup>
						<ondown>32</ondown>
						<include>KeyboardButton</include>
					</control>
					<control type="button" id="164">
						<description>(3,4) key button</description>
						<onup>144</onup>
						<ondown>8</ondown>
						<include>KeyboardButton</include>
					</control>
					<control type="button" id="165">
						<description>(3,5) key button</description>
						<onup>145</onup>
						<ondown>8</ondown>
						<include>KeyboardButton</include>
					</control>
					<control type="button" id="166">
						<description>(3,6) key button</description>
						<onup>146</onup>
						<ondown>8</ondown>
						<include>KeyboardButton</include>
					</control>
					<control type="button" id="167">
						<description>(3,7) key button</description>
						<onup>147</onup>
						<ondown>8</ondown>
						<include>KeyboardButton</include>
					</control>
					<control type="button" id="168">
						<description>(3,8) key button</description>
						<onup>148</onup>
						<ondown>305</ondown>
						<include>KeyboardButton</include>
					</control>
					<control type="button" id="169">
						<description>(3,9) key button</description>
						<onup>149</onup>
						<ondown>305</ondown>
						<include>KeyboardButton</include>
					</control>
					<control type="button" id="170">
						<description>(3,10) key button</description>
						<onup>150</onup>
						<ondown>306</ondown>
						<include>KeyboardButton</include>
					</control>
					<control type="button" id="171">
						<description>(3,11) key button</description>
						<onup>151</onup>
						<ondown>306</ondown>
						<include>KeyboardButton</include>
					</control>
					<control type="button" id="600">
						<description>filler key button</description>
						<onup>151</onup>
						<ondown>306</ondown>
						<texturenofocus border="5">KeyboardKeyDark.png</texturenofocus>
						<include>KeyboardButton</include>
						<enable>no</enable>
						<visible>IsEmpty(Control.GetLabel(166))</visible>
					</control>
					<control type="group">
						<posx>0</posx>
						<posy>0</posy>
						<width>193</width>
						<height>80</height>
						<visible>IsEmpty(Control.GetLabel(169))</visible>
						<control type="button" id="305">
							<description>previous button</description>
							<posx>0</posx>
							<posy>0</posy>
							<width>193</width>
							<height>80</height>
							<texturenofocus border="5">KeyboardKeyDark.png</texturenofocus>
							<texturefocus border="5">KeyboardKeyFocus.png</texturefocus>
							<textcolor>white</textcolor>
							<font>font16</font>
							<align>center</align>
							<aligny>center</aligny>
							<label>-</label>
							<visible>IsEmpty(Control.GetLabel(169))</visible>
						</control>
						<control type="image">
							<description>Previous Icon image</description>
							<posx>72</posx>
							<posy>15</posy>
							<width>50</width>
							<height>40</height>
							<aspectratio>keep</aspectratio>
							<texture flipx="true">icon_arrowkey.png</texture>
						</control>
					</control>
					<control type="group">
						<posx>0</posx>
						<posy>0</posy>
						<width>193</width>
						<height>80</height>
						<visible>IsEmpty(Control.GetLabel(169))</visible>
						<control type="button" id="306">
							<description>next button</description>
							<posx>0</posx>
							<posy>0</posy>
							<width>193</width>
							<height>80</height>
							<texturenofocus border="5">KeyboardKeyDark.png</texturenofocus>
							<texturefocus border="5">KeyboardKeyFocus.png</texturefocus>
							<textcolor>white</textcolor>
							<font>font16</font>
							<align>center</align>
							<aligny>center</aligny>
							<label>-</label>
							<visible>IsEmpty(Control.GetLabel(169))</visible>
						</control>
						<control type="image">
							<description>Next Icon image</description>
							<posx>72</posx>
							<posy>15</posy>
							<width>50</width>
							<height>40</height>
							<aspectratio>keep</aspectratio>
							<texture>icon_arrowkey.png</texture>
						</control>
					</control>
					<control type="group">
						<posx>0</posx>
						<posy>0</posy>
						<width>100</width>
						<height>80</height>
						<visible>!IsEmpty(Control.GetLabel(169))</visible>
						<control type="button" id="305">
							<description>previous button</description>
							<posx>0</posx>
							<posy>0</posy>
							<width>100</width>
							<height>80</height>
							<texturenofocus border="5">KeyboardKeyDark.png</texturenofocus>
							<texturefocus border="5">KeyboardKeyFocus.png</texturefocus>
							<textcolor>white</textcolor>
							<font>font16</font>
							<align>center</align>
							<aligny>center</aligny>
							<label>-</label>
							<visible>!IsEmpty(Control.GetLabel(169))</visible>
						</control>
						<control type="image">
							<description>Previous Icon image</description>
							<posx>25</posx>
							<posy>15</posy>
							<width>50</width>
							<height>40</height>
							<aspectratio>keep</aspectratio>
							<texture flipx="true">icon_arrowkey.png</texture>
						</control>
					</control>
					<control type="group">
						<posx>0</posx>
						<posy>0</posy>
						<width>100</width>
						<height>80</height>
						<visible>!IsEmpty(Control.GetLabel(169))</visible>
						<control type="button" id="306">
							<description>next button</description>
							<posx>0</posx>
							<posy>0</posy>
							<width>100</width>
							<height>80</height>
							<texturenofocus border="5">KeyboardKeyDark.png</texturenofocus>
							<texturefocus border="5">KeyboardKeyFocus.png</texturefocus>
							<textcolor>white</textcolor>
							<font>font16</font>
							<align>center</align>
							<aligny>center</aligny>
							<label>-</label>
							<visible>!IsEmpty(Control.GetLabel(169))</visible>
						</control>
						<control type="image">
							<description>Next Icon image</description>
							<posx>25</posx>
							<posy>15</posy>
							<width>50</width>
							<height>40</height>
							<aspectratio>keep</aspectratio>
							<texture>icon_arrowkey.png</texture>
						</control>
					</control>
				</control>
<!-- Fifth Row -->
				<control type="grouplist">
					<posy>320</posy>
					<orientation>horizontal</orientation>
					<itemgap>0</itemgap>
					<control type="button" id="309">
						<description>Layout button</description>
						<width>185</width>
						<height>80</height>
						<label>20177</label>
						<onup>302</onup>
						<ondown>100</ondown>
						<texturenofocus border="5">KeyboardKeyDark.png</texturenofocus>
						<texturefocus border="5">KeyboardKeyFocus.png</texturefocus>
						<textcolor>white</textcolor>
						<font>font16</font>
						<align>center</align>
						<aligny>center</aligny>
					</control>
					<control type="button" id="32">
						<description>SPACE button</description>
						<width>695</width>
						<height>80</height>
						<texturenofocus border="5">KeyboardKey.png</texturenofocus>
						<texturefocus border="5">KeyboardKeyFocus.png</texturefocus>
						<textcolor>black</textcolor>
						<font>font16</font>
						<align>center</align>
						<aligny>center</aligny>
						<label>20182</label>
					</control>
					<control type="image">
						<description>Blank image</description>
						<width>321</width>
						<height>80</height>
						<texture border="5">KeyboardKeyDark.png</texture>
					</control>
				</control>
			</control>
		</control>
	</controls>
</window>
