<favourites>
	<favourite name="CBC NEWS @ 6:00" thumb="DefaultActor.png">ActivateWindow(10025,&quot;plugin://plugin.video.canada.on.demand/?Account=News&amp;AudioVideo=Video&amp;ClipType=(not%20specified)&amp;Genre=Other&amp;GroupLevel=2&amp;GroupOrder=1&amp;Icon=C%3a%5cUsers%5cTDB-DESKTOP%5cAppData%5cRoaming%5cXBMC%5caddons%5cplugin.video.canada.on.demand-master%5cresources%5cimages%5cchannels%5ccbc.png&amp;IsDynamicPlaylist=true&amp;LiveOnDemand=On-Demand&amp;Plot&amp;Region=(not%20specified)&amp;Show=CBC%20News%3a%20Toronto%20at%206%3a00&amp;Sport=(not%20specified)&amp;Thumb&amp;Title=CBC%20News%3a%20Toronto%20at%206%3a00&amp;action=browse&amp;channel=cbc&amp;depth=3&amp;entry_id=2186321245&amp;force_cache_update=False&amp;hasChildren=False&amp;hasReleases=True&quot;)</favourite>
	<favourite name="CTV NEWS @ 6:00" thumb="DefaultActor.png">ActivateWindow(10025,&quot;plugin://plugin.video.canada.on.demand/?Icon=C%3a%5cUsers%5cTDB-DESKTOP%5cAppData%5cRoaming%5cXBMC%5caddons%5cplugin.video.canada.on.demand-master%5cresources%5cimages%5cchannels%5cctvlocal.png&amp;Thumb=C%3a%5cUsers%5cTDB-DESKTOP%5cAppData%5cRoaming%5cXBMC%5caddons%5cplugin.video.canada.on.demand-master%5cresources%5cimages%5cchannels%5cctvlocal.png&amp;Title=CTV%20News%20at%20Six&amp;action=browse_category&amp;category_id=1.815894&amp;channel=ctvlocal&amp;entry_id=None&amp;local_channel=Toronto&amp;page_num=1&amp;remote_url=http%3a%2f%2ftoronto.ctvnews.ca%2fvideo&quot;)</favourite>
	<favourite name="CTV NEWS @ NOON" thumb="DefaultActor.png">ActivateWindow(10025,&quot;plugin://plugin.video.canada.on.demand/?Icon=C%3a%5cUsers%5cTDB-DESKTOP%5cAppData%5cRoaming%5cXBMC%5caddons%5cplugin.video.canada.on.demand-master%5cresources%5cimages%5cchannels%5cctvlocal.png&amp;Thumb=C%3a%5cUsers%5cTDB-DESKTOP%5cAppData%5cRoaming%5cXBMC%5caddons%5cplugin.video.canada.on.demand-master%5cresources%5cimages%5cchannels%5cctvlocal.png&amp;Title=CTV%20News%20at%20Noon&amp;action=browse_category&amp;category_id=1.815895&amp;channel=ctvlocal&amp;entry_id=None&amp;local_channel=Toronto&amp;page_num=1&amp;remote_url=http%3a%2f%2ftoronto.ctvnews.ca%2fvideo&quot;)</favourite>
	<favourite name="CTV NEWS @ 11:30" thumb="DefaultActor.png">ActivateWindow(10025,&quot;plugin://plugin.video.canada.on.demand/?Icon=C%3a%5cUsers%5cTDB-DESKTOP%5cAppData%5cRoaming%5cXBMC%5caddons%5cplugin.video.canada.on.demand-master%5cresources%5cimages%5cchannels%5cctvlocal.png&amp;Thumb=C%3a%5cUsers%5cTDB-DESKTOP%5cAppData%5cRoaming%5cXBMC%5caddons%5cplugin.video.canada.on.demand-master%5cresources%5cimages%5cchannels%5cctvlocal.png&amp;Title=CTV%20News%20at%2011%3a30&amp;action=browse_category&amp;category_id=1.1476827&amp;channel=ctvlocal&amp;entry_id=None&amp;local_channel=Toronto&amp;page_num=1&amp;remote_url=http%3a%2f%2ftoronto.ctvnews.ca%2fvideo&quot;)</favourite>
</favourites>