﻿<?xml version="1.0" encoding="UTF-8" standalone="yes"?>
<addon id="plugin.video.TOMDABOMB"
       name="TOMDABOMB"
       version="1.00"
       provider-name="TOMDABOMB">
<requires>
<import addon="xbmc.python" version="2.1.0"/>
</requires>
<extension point="xbmc.python.pluginsource"
            library="default.py">
<provides>audio</provides>
</extension>
<extension point="xbmc.addon.metadata">
<summary>TOMDABOMB</summary>
<description>Live streaming Audio from www.tomdabomb.ca</description>
<platform>all</platform>
</extension>
</addon>
