<?xml version="1.0" encoding="UTF-8" standalone="yes"?>
<addon id="plugin.video.hunt-channel" name="Hunt Channel" version="0.0.4" provider-name="MetalChris">
  <requires>
    <import addon="xbmc.python" version="2.1.0"/>
    <import addon="script.module.beautifulsoup4" version="4.3.2"/>
    <import addon="script.module.requests" version="2.9.1"/>
    <import addon="script.module.html5lib" version="0.999.0"/> 
    <import addon="script.module.simplejson" version="3.3.0"/>
    <import addon="script.module.pytz" version="2014.2"/>   
  </requires>
  <extension point="xbmc.python.pluginsource" library="addon.py">
    <provides>video</provides>
  </extension>
  <extension point="xbmc.addon.metadata">
    <summary lang="en">Hunt Channel</summary>
    <description lang="en">Hunt Channel’s Mission is to provide Quality Outdoor Programming during PrimeTime.  Watch Live or On Demand video.</description>
    <disclaimer lang="en"></disclaimer>
    <language></language>
    <platform>all</platform>
    <license></license>
    <forum></forum>
    <website></website>
    <email></email>
    <source></source>
  </extension>
</addon>
