<?xml version="1.0" encoding="UTF-8" standalone="yes"?>
<addon id="plugin.video.chaturbate" name="Chaturbate" version="2.1.0" provider-name="LivingOn">
  <requires>
    <import addon="xbmc.python" version="2.1.0"/>
  </requires>
  <extension point="xbmc.python.pluginsource" library="addon.py">
        <provides>video</provides>
  </extension>
  <extension point="xbmc.addon.metadata">
    <summary lang="en">Adult(18+) from Chaturbate</summary>
    <description lang="en"></description>
    <disclaimer lang="en"></disclaimer>
    <platform>all</platform>
  </extension>
</addon>
