﻿<?xml version="1.0" encoding="UTF-8" standalone="yes"?>
<addon id="script.module.python.koding.aio"
   name="Python Koding AIO"
   version="0.1"
   provider-name="noobsandnerds">
  <requires>
    <import addon="xbmc.python" version="2.1.0"/>
  </requires>
  <extension point="xbmc.python.module" library="lib" />
  <extension point="xbmc.addon.metadata">
    <platform>all</platform>
    <summary lang="en">Python Koding All In One</summary>
    <description lang="en">Python Koding AIO contains a bunch of time saving modules that allows for quick and simple development. This also contains unique features that can hook into the Add-on Portal framework built at noobsandnerds.com</description>
    <disclaimer lang="en"></disclaimer>
    <language></language>
    <license>http://creativecommons.org/licenses/by-nc-nd/4.0</license>
    <forum>http://noobsandnerds.com</forum>
    <website>http://noobsandnerds.com</website>
    <source></source>
  </extension>  
</addon>
