<?xml version="1.0" encoding="UTF-8" standalone="yes"?>
<addon id="plugin.program.echowizard" 
	     name="[COLOR yellowgreen]ECHO[/COLOR] [COLOR white]Wizard[/COLOR]" 
	     version="1.68"
	     provider-name="Echo Coder">
  <requires>
  	<import addon="xbmc.python" version="2.1.0"/>
	<import addon="script.module.requests" version="2.9.1"/>
  </requires>
  <extension point="xbmc.python.pluginsource" library="default.py">
        <provides>executable</provides>
  </extension>
  <extension point="xbmc.service" library="service.py" start="startup">
  </extension> 
  <extension point="xbmc.addon.metadata">
    <platform>all</platform>
    <summary lang="en">[COLOR white]Twitter: @[/COLOR][COLOR yellowgreen]EchoCoder[/COLOR]</summary>
    <description lang="en">[COLOR white]ECHO Wizard is a swiss army knife tool for Kodi. It gives you conrol over everything you need in one place. For support please contact @[/COLOR][COLOR yellowgreen]EchoCoder[/COLOR][COLOR white] on twitter.[/COLOR]</description>
    <disclaimer lang="en"></disclaimer>
    <language></language>
    <platform>all</platform>
    <license>GNU GENERAL PUBLIC LICENSE. Version 2, June 1991</license>
    <website>http://echocoder.com/repo</website>
    <email>echocoder@protonmail.com</email>
    <assets>
        <icon>icon.png</icon>
        <fanart>fanart.jpg</fanart>
        <screenshot>resources/art/screenshots/screenshot-1.png</screenshot>
        <screenshot>resources/art/screenshots/screenshot-2.png</screenshot>
        <screenshot>resources/art/screenshots/screenshot-3.png</screenshot>
        <screenshot>resources/art/screenshots/screenshot-4.png</screenshot>
        <screenshot>resources/art/screenshots/screenshot-5.png</screenshot>
        <screenshot>resources/art/screenshots/screenshot-6.png</screenshot>
    </assets>
  </extension>
</addon>