<?xml version="1.0" encoding="UTF-8" standalone="yes"?>
<addon id="repository.cerberus" name="[COLOR orangered][I]Cerberus[/I][/COLOR] [COLOR chocolate][I]Repository[/I][/COLOR]" version="1.1a" provider-name="[COLOR orange]Shaytan Lykos[/COLOR]">
	<extension point="xbmc.addon.repository" name="Cerberus Repository">
        <dir>
            <info compressed="false">https://offshoregit.com/tvaresolvers/tva-common-repository/raw/master/addons.xml</info>
            <checksum>https://offshoregit.com/tvaresolvers/tva-common-repository/raw/master/addons.xml.md5</checksum>
            <datadir zip="true">https://offshoregit.com/tvaresolvers/tva-common-repository/raw/master/zips/</datadir>
        </dir>
		<info compressed="false">http://roguemedia.x10.mx/cerbrepo/files/addons.xml</info>
		<checksum>http://roguemedia.x10.mx/cerbrepo/files/addons.xml.md5</checksum>
		<datadir zip="true">http://roguemedia.x10.mx/cerbrepo/files/</datadir>
	</extension>
	<extension point="xbmc.addon.metadata">
	<summary>[COLOR burlywood]Cerberus Repository[/COLOR] [COLOR palegoldenrod]v1.1a[/COLOR]</summary>
    <description lang="en">[COLORsteelblue]Welcome to the Cerberus Repository[/COLOR]</description>
    <disclaimer lang="en">[COLOR burlywood]The author neither hosts or stores any content, the author has no affiliation with content hosts[/COLOR]</disclaimer>
    <language></language>
    <platform>all</platform>
    <license>GNU GENERAL PUBLIC LICENSE. Version 2, June 1991</license>
    <forum></forum>
    <website>https://www.facebook.com/groups/1183719565055120/</website>
    <email></email>
    <source></source>
    <news>v1.1a (2017-4-28) Fixed Issue with Dependencies and repo icon; v1.0 (2017-04-15) Fixed URL Resolver issue; Fixed issues with artwork</news>
    <assets>
        <icon>resources/art/icon.png</icon>
        <fanart>resources/art/fanart.jpg</fanart>
        <screenshot>resources/screenshot-01.jpg</screenshot>
        <screenshot>resources/screenshot-02.jpg</screenshot>
        <screenshot>resources/screenshot-03.jpg</screenshot>
        <screenshot>resources/screenshot-04.jpg</screenshot>        
    </assets>
  </extension>
</addon>
