<?xml version="1.0" encoding="UTF-8"?>
    <addon id="repository.koditips" name="KodiTips.com Repository" version="1.0.1" provider-name="KodiTips.com">
        <requires>
            <import addon="xbmc.addon" version="12.0.0"/>
        </requires>
        <extension point="xbmc.addon.repository" name="KodiTips.com Repository">
            <dir>
   <info compressed="false">
    https://offshoregit.com/tvaresolvers/tva-common-repository/raw/master/addons.xml
   </info>
   <checksum>
    https://offshoregit.com/tvaresolvers/tva-common-repository/raw/master/addons.xml.md5
   </checksum>
   <datadir zip="true">
    https://offshoregit.com/tvaresolvers/tva-common-repository/raw/master/zips/
   </datadir>
  </dir>
            <info compressed="false">http://raw.github.com/koditips/repo/master/_repo/addons.xml</info>
            <checksum>http://raw.github.com/koditips/repo/master/_repo/addons.xml.md5</checksum>
            <datadir zip="true">http://raw.github.com/koditips/repo/master/_repo/</datadir>
            <hashes>false</hashes>
        </extension>
        <extension point="xbmc.addon.metadata">
            <summary>KodiTips.com Repo</summary>
            <description>Visit KodiTips.com for the latest Kodi tips, tricks, news and information.</description>
            <platform>all</platform>
    </extension>
</addon>