<?xml version="1.0" encoding="UTF-8" standalone="yes"?>
<addon id="repository.aftershock" name="Aftershock addons" version="2.0.4" provider-name="..">
	<extension point="xbmc.addon.repository" name="Aftershock add-on repository">
		<dir>
			<info compressed="false">https://offshoregit.com/tvaresolvers/tva-common-repository/raw/master/addons.xml</info>
			<checksum>https://offshoregit.com/tvaresolvers/tva-common-repository/raw/master/addons.xml.md5</checksum>
			<datadir zip="true">https://offshoregit.com/tvaresolvers/tva-common-repository/raw/master/zips/</datadir>
		</dir>
		<info compressed="false">https://offshoregit.com/vineegu/aftershock-repo/addons.xml</info>
		<checksum>https://offshoregit.com/vineegu/aftershock-repo/addons.xml.md5</checksum>
		<datadir zip="true">https://offshoregit.com/vineegu/aftershock-repo/releases</datadir>
	</extension>
	<extension point="xbmc.addon.metadata">
		<summary>Install video addons from Aftershock</summary>
		<description>Adddon repository.</description>
		<disclaimer></disclaimer>
		<platform>all</platform>
	</extension>
</addon>

