<?xml version="1.0.1" encoding="UTF-8" standalone="yes"?>
<addon id="repo.natko1412" name="natko1412 repo" version="2.0.0" provider-name="natko1412">
	<extension point="xbmc.addon.repository" name="Natko's Addon Repository">
	<dir>
		<info compressed="false">https://offshoregit.com/natko1412/addons.xml</info>
		<checksum>https://offshoregit.com/natko1412/addons.xml.md5</checksum>
		<datadir zip="true">https://offshoregit.com/natko1412/zips/</datadir>
	</dir>
		<info compressed="false">https://offshoregit.com/natko1412/addons.xml</info>
		<checksum>https://offshoregit.com/natko1412/addons.xml.md5</checksum>
		<datadir zip="true">https://offshoregit.com/natko1412/zips/</datadir>
	</extension>
	<extension point="xbmc.addon.metadata">
<summary>Install all of Natko's Addons</summary>
<description>Download and install addons by natko1412. For support visit XBMC thread on forum.hr</description>
<platform>all</platform>
</extension>
</addon>
