<?xml version="1.0" encoding="UTF-8" standalone="yes"?>
<addon id="plugin.video.operationrobocop"
       name="Operation Robocop"
       version="0.1"
       provider-name="Mark Cunningham">
  <requires>
    <import addon="xbmc.python" version="2.1.0"/>
    <import addon="script.module.beautifulsoup" version="3.2.1"/>
    <import addon="script.module.simple.downloader" version="0.9.4"/>
    <import addon="script.module.simplejson" />
  </requires>
  <extension point="xbmc.python.pluginsource" library="default.py">
    <provides>video</provides>
  </extension>
  <extension point="xbmc.addon.metadata">
    <summary>Operation Robocop</summary>
    <description>Visit us at Facebook https://www.facebook.com/groups/1551875625033019/?</description>
    <platform>all</platform>
  </extension>
</addon>
