<?xml version="1.0" encoding="UTF-8" standalone="yes"?>
<addon id="plugin.video.listrunner" name="(Play)List Runner" version="3.0.2" provider-name="Thgiliwt">
    <requires>
        <import addon="xbmc.python" version="2.24.0"/>
        <import addon="script.module.youtube.dl" version="16.1026.0" optional="true"/>
        <import addon="script.module.urlresolver" version="3.0.26" optional="true"/>
        <import addon="plugin.video.youtube" optional="true" version="5.3.6"/>
    </requires>
    <extension point="xbmc.python.pluginsource" library="addon.py">
        <provides>video</provides>
    </extension>
    <extension point="xbmc.addon.metadata">
        <platform>all</platform>
        <summary lang="en">List Runner addon</summary>
        <description lang="en">List Runner is an addon capable of loading custom m3u or youtube playlists. Can utilize youtube-dl or urlresolver for streams that need resolving (both are optional, installable through the addon's settings menu).</description>
        <summary lang="el">Πρόσθετο List Runner</summary>
        <description lang="el">Το πρόσθετο List Runner έχει την δυνατότητα αναπαραγωγής βίντεο μέσω λιστών αναπαραγωγής, της μορφής m3u ή λίστας αναπαραγωγής Youtube. Χρησιμοποιεί τα πρόσθετα youtube-dl ή urlresolver όπου χρειαστεί (και τα δύο είναι προαιρετικά, με δυνατότητα εγκατάστασης μέσω των ρυθμίσεων του προσθέτου).</description>
        <source>https://github.com/Twilight0/plugin.video.listrunner</source>
        <news>
+ 3.0.2 (11-01-2017)
- Further improvements in regex pattern
- Cachetodisc True for all cases

+ 3.0.1 (11-01-2017)
- Cache clear function
- Setsetting to "ALL" group if the user changes list and selected group not in groups of the new list

+ 3.0.0 (10-01-2017)
- Ability to load youtube playlist urls
- Bug fixes
- Changed addon name to (Play)List Runner (id = "plugin.video.listrunner")
- Improved regex patterns
- Reverted to old method of resolver installation
- Code cosmetics
        </news>
        <license>GNU GPL, version 2 or later</license>
    </extension>
</addon>
