<?xml version="1.0" encoding="UTF-8" standalone="yes"?>
<addon id="plugin.video.streamarmy" name="^[COLOR lime]STR[/COLOR][COLOR brown]EAM [/COLOR][COLOR lime]AR[/COLOR][COLOR brown]MY[/COLOR]^" version="2.0.0" provider-name="Stream Army">
  <requires>
    <import addon="xbmc.python" version="2.1.0"/>
    <import addon="script.module.simplejson" version="3.3.0"/>
	<import addon="script.module.pydes" version="2.0.1"/>
    <import addon="script.module.urlresolver"  version="3.0.26"/>
    <import addon="script.module.liveresolver" version="0.1.48"/>
    <import addon="script.common.plugin.cache" version="2.5.8"/>    
  <import addon="script.module.metahandler" version="2.9.1"/>
    <import addon="plugin.video.youtube" version="5.3.6" optional="false" />
  <import addon="plugin.video.f4mTester" version="2.7.1" optional="false" />
  </requires>
  <extension point="xbmc.python.pluginsource" library="default.py">
        <provides>video</provides>
  </extension>
  <extension point="xbmc.addon.metadata">
    <summary lang="en">The Home Of Stream Army Add-on  Stream Army Addon Fully Loaded With Great Playlists</summary>
    <description lang="en">@Nemzzy668  / @_MANC_ / @DoomsdayPr3p</description>
    <platform>all</platform>
  </extension>
</addon>