<?xml version="1.0" encoding="UTF-8" standalone="yes"?>
<addon id="plugin.video.livetvSerbia"
       name="Live TV Serbia"
       version="1.1.0"
       provider-name="livetvSerbia">
  <requires>
    <import addon="xbmc.python" version="2.1.0"/>
	<import addon="script.module.t0mm0.common" version="2.0.0"/>
    <import addon="script.module.beautifulsoup" version="3.2.1"/>
    <import addon="script.module.simple.downloader" version="0.9.4"/>
    <import addon="script.module.beautifulsoup4" />
    <import addon="script.module.simple.downloader" version="0.9.4"/>
    <import addon="script.module.requests" />
    <import addon="script.module.httplib2" />
    <import addon="script.module.youtube.dl" optional="true"/>
    <import addon="plugin.video.youtube" version="3.0.0"/>
    <import addon="script.module.urlresolver" optional="true"/>
    <import addon="script.module.simplejson" /> 
    <import addon="script.common.plugin.cache" version="2.5.2"/>
    <import addon="script.module.metahandler" version="2.5.1"/>
	<import addon="plugin.program.chrome.launcher" version="1.1.5"/>
  </requires>
  <extension point="xbmc.python.pluginsource" library="default.py">
    <provides>video</provides>
  </extension>
  <extension point="xbmc.addon.metadata">
    <summary lang="en">Live IPTV channels from Balkan</summary>
    <description lang="en">Watch IPTV channels from Balkan. 
For more info visit our FB page @ facebook.com/kodisrbija

The author does not host or distribute any of the content displayed by this addon. The author does not have any affiliation with the content provider.
For DMCA Reports, please send message to our FB page.
	</description>
    <platform>all</platform>
  </extension>
</addon>
