<?xml version="1.0" encoding="UTF-8"?>
    <addon id="repository.ufo-repo" name="[COLOR lightgreen]UFO[/COLOR] Repository" version="0.1.5" provider-name="krAZ">
        <requires>
            <import addon="xbmc.addon" version="12.0.0"/>
        </requires>
        <extension point="xbmc.addon.repository" name="UFO">
            <info compressed="false">https://raw.github.com/krazinabox/UFO-IPTV/master/_repo/addons.xml</info>
            <checksum>https://raw.github.com/krazinabox/UFO-IPTV/master/_repo/addons.xml.md5</checksum>
            <datadir zip="true">https://raw.github.com/krazinabox/UFO-IPTV/master/_repo/</datadir>
            <hashes>false</hashes>
        </extension>
        <extension point="xbmc.addon.metadata">
            <summary>Install My Addons</summary>
            <description>Download and install addons from KrAz!</description>
            <platform>all</platform>
    </extension>
</addon>