﻿<?xml version="1.0" encoding="UTF-8" standalone="yes"?>
<addon id="plugin.video.TDBEUROTV"
       name="TDB EURO TV"
       version="2.42"
       provider-name="TDB">
<requires>
<import addon="xbmc.python" version="2.1.0"/>
</requires>
<extension point="xbmc.python.pluginsource"
            library="default.py">
<provides>video</provides>
</extension>
<extension point="xbmc.addon.metadata">
<summary>TDB EURO TV</summary>
<description>Multicultural TV</description>
<disclaimer>The author does not host or distribute any of the content displayed by this addon. The author does not have any affiliation with the content provider.</disclaimer>
    <platform>all</platform>
  </extension>
</addon>
