<?xml version="1.0" encoding="UTF-8"?>
<addon id="plugin.program.goodfellasmessages" version="1.1.2"
       name="GoodFellas Messages" provider-name="The Goodfellas">
  <requires>
  	<import addon="xbmc.python" version="2.1.0"/>
  	<import addon="script.module.addon.common" optional="true" />
  </requires>
  <extension point="xbmc.python.script" library="default.py">
    <provides>executable</provides>
  </extension>
  <extension point="xbmc.service" library="service.py" start="startup">
  </extension>
  <extension point="xbmc.addon.metadata">
  	<summary>GOODFELLAS NEWS</summary>
  	<description>Goodfellas Messages</description>
  	<disclaimer>We do not assume any responsibility for any problems this may cause plugin.</disclaimer>
  	<language>en</language>
  	<platform>all</platform>
  	<website>http://www.teamgoodfellas.com</website>
  	<source></source>
  	<email>none</email>
  </extension>
</addon>
