<?xml version="1.0" encoding="UTF-8"?>
<window id="1112" type="dialog">
	<defaultcontrol always="true">9000</defaultcontrol>
	<include>Window_OpenClose_Animation</include>
	<controls>
		<control type="button">
			<description>Hidden button to close the window when its focused</description>
			<posx>0</posx>
			<posy>0</posy>
			<width>ScreenWidth</width>
			<height>ScreenHeight</height>
			<texturenofocus>-</texturenofocus>
			<texturefocus>-</texturefocus>
			<onclick>Back</onclick>
		</control>
		<control type="group">
			<posx>470r</posx>
			<posy>200r</posy>
			<animation effect="slide" start="0,0" end="112,0" time="0" condition="System.HasLoginScreen | IntegerGreaterThan(System.ProfileCount,1)">Conditional</animation>
			<control type="image">
				<posx>0</posx>
				<posy>0</posy>
				<width>450</width>
				<height>70</height>
				<texture border="5">PlayerControls-Background.png</texture>
			</control>
			<control type="label">
				<description>label</description>
				<posx>20</posx>
				<posy>10</posy>
				<height>20</height>
				<width>200</width>
				<label>13376</label>
				<font>font12_title</font>
				<aligny>center</aligny>
				<textcolor>white</textcolor>
				<shadowcolor>black</shadowcolor>
			</control>
			<control type="label">
				<description>Volumelabel</description>
				<posx>430</posx>
				<posy>10</posy>
				<height>20</height>
				<width>200</width>
				<label>$INFO[Control.GetLabel(1)]</label>
				<font>font12_title</font>
				<align>right</align>
				<aligny>center</aligny>
				<textcolor>white</textcolor>
				<shadowcolor>black</shadowcolor>
			</control>
			<control type="progress" id="2">
				<description>Volume</description>
				<posx>15</posx>
				<posy>35</posy>
				<width>420</width>
				<height>25</height>
				<info>Player.Volume</info>
			</control>
			<control type="slider" id="1">
				<description>Volume Slider</description>
				<posx>15</posx>
				<posy>35</posy>
				<width>420</width>
				<height>25</height>
 				<info>Player.Volume</info>
				<action>Volume</action>
				<texturesliderbar>OSDProgressBack2.png</texturesliderbar>
				<textureslidernib>OSDSliderNib.png</textureslidernib>
				<textureslidernibfocus>OSDSliderNib.png</textureslidernibfocus>
			</control>
		</control>
	</controls>
</window>
