<?xml version="1.0" encoding="UTF-8"?>
<window id="110">
	<defaultcontrol>-</defaultcontrol>
	<coordinates>
		<system>1</system>
		<posx>290</posx>
		<posy>300</posy>
	</coordinates>
	<include>16x9_xPos_Relocation</include>
	<include>dialogeffect</include>
	<controls>
		<control type="image">
			<description>Shadow Background for dialogs without BehindDialogFadeOut include</description>
			<posx>-30</posx>
			<posy>-30</posy>
			<width>760</width>
			<height>370</height>
			<texture border="30">DialogShadow.png</texture>
		</control>
		<control type="image">
			<description>Header Background</description>
			<posx>0</posx>
			<posy>0</posy>
			<width>700</width>
			<height>60</height>
			<texture border="5">DialogHeader.png</texture>
		</control>
		<control type="group">
			<posx>630</posx>
			<posy>0</posy>
			<include>DialogCloseButtonCommons</include>
		</control>
		<control type="label" id="1">
			<description>header label</description>
			<posx>20</posx>
			<posy>0</posy>
			<include>WindowTitleCommons</include>
			<width>600</width>
			<label>$LOCALIZE[13406]</label>
		</control>
		<control type="image">
			<description>Background</description>
			<posx>0</posx>
			<posy>60</posy>
			<width>700</width>
			<height>250</height>
			<texture border="5">DialogBack.png</texture>
		</control>
		<control type="label" id="2">
			<description>dialog line 1</description>
			<posx>20</posx>
			<posy>80</posy>
			<width>660</width>
			<height>30</height>
			<align>left</align>
			<aligny>center</aligny>
			<label>-</label>
			<font>font13</font>
			<textcolor>black</textcolor>
		</control>
		<control type="label" id="3">
			<description>dialog line 2</description>
			<posx>20</posx>
			<posy>110</posy>
			<width>660</width>
			<height>30</height>
			<align>left</align>
			<aligny>center</aligny>
			<label>-</label>
			<font>font13</font>
			<textcolor>black</textcolor>
		</control>
		<control type="label" id="4">
			<description>dialog line 3</description>
			<posx>20</posx>
			<posy>200</posy>
			<width>660</width>
			<height>30</height>
			<align>left</align>
			<aligny>center</aligny>
			<label>-</label>
			<font>font30_title</font>
			<textcolor>black</textcolor>
		</control>
	</controls>
</window>