<?xml version="1.0" encoding="UTF-8"?>
<window id="122">
	<defaultcontrol>2</defaultcontrol>
	<include>16x9_xPos_Relocation</include>
	<include>Window_OpenClose_Animation_Zoom</include>
	<coordinates>
		<system>1</system>
		<posx>140</posx>
		<posy>30</posy>
	</coordinates>
	<controls>
		<control type="image">
			<posx>0</posx>
			<posy>0</posy>
			<width>1000</width>
			<height>60</height>
			<texture border="5">DialogHeader.png</texture>
		</control>
		<control type="label">
			<description>header label</description>
			<posx>20</posx>
			<posy>0</posy>
			<include>WindowTitleCommons</include>
			<width>910</width>
			<label>$LOCALIZE[31048]</label>
		</control>
		<control type="group">
			<posx>930</posx>
			<posy>0</posy>
			<include>DialogCloseButtonCommons</include>
		</control>
		<control type="image">
			<posx>0</posx>
			<posy>60</posy>
			<width>1000</width>
			<height>840</height>
			<texture border="5">DialogBack.png</texture>
		</control>
		<control type="label" id="4">
			<description>No Settings Label</description>
			<posx>20</posx>
			<posy>250</posy>
			<width>960</width>
			<align>center</align>
			<label>13389</label>
			<font>font13_title</font>
			<textcolor>black</textcolor>
		</control>
		<control type="list" id="2">
			<animation effect="slide" start="0,0" end="10,0" time="0" condition="!Control.IsVisible(61)">Conditional</animation>
			<posx>10</posx>
			<posy>80</posy>
			<width>960</width>
			<height>750</height>
			<onleft>2</onleft>
			<onright>2</onright>
			<onup>2</onup>
			<ondown>2</ondown>
			<pagecontrol>60</pagecontrol>
			<scrolltime>200</scrolltime>
			<itemlayout height="60">
				<control type="image">
					<posx>0</posx>
					<posy>-2</posy>
					<width>960</width>
					<height>5</height>
					<texture>separator.png</texture>
				</control>
				<control type="label">
					<posx>0</posx>
					<posy>0</posy>
					<width>960</width>
					<height>50</height>
					<font>font13</font>
					<align>left</align>
					<aligny>center</aligny>
					<textcolor>black</textcolor>
					<selectedcolor>blue</selectedcolor>
					<info>ListItem.Label</info>
				</control>
			</itemlayout>
			<focusedlayout height="60">
				<control type="image">
					<posx>0</posx>
					<posy>-2</posy>
					<width>960</width>
					<height>5</height>
					<texture>separator.png</texture>
				</control>
				<control type="label">
					<posx>0</posx>
					<posy>0</posy>
					<width>960</width>
					<height>50</height>
					<font>font13</font>
					<align>left</align>
					<aligny>center</aligny>
					<textcolor>black</textcolor>
					<selectedcolor>blue</selectedcolor>
					<info>ListItem.Label</info>
				</control>
			</focusedlayout>
		</control>
		<control type="scrollbar" id="60">
			<posx>970</posx>
			<posy>80</posy>
			<width>29</width>
			<height>750</height>
			<texturesliderbackground border="0,14,0,14">ScrollBarV.png</texturesliderbackground>
			<texturesliderbar border="0,14,0,14">ScrollBarV_bar.png</texturesliderbar>
			<texturesliderbarfocus border="0,14,0,14">ScrollBarV_bar_focus.png</texturesliderbarfocus>
			<textureslidernib>ScrollBarNib.png</textureslidernib>
			<textureslidernibfocus>ScrollBarNib.png</textureslidernibfocus>
			<onleft>3</onleft>
			<onright>3</onright>
			<ondown>60</ondown>
			<onup>60</onup>
			<showonepage>false</showonepage>
			<orientation>vertical</orientation>
			<animation effect="fade" time="150">Visible</animation>
			<animation effect="fade" time="150">Hidden</animation>
		</control>
		<control type="label">
			<description>number of files/pages in list text label</description>
			<posx>980</posx>
			<posy>850</posy>
			<width>300</width>
			<height>30</height>
			<font>font13</font>
			<align>right</align>
			<aligny>center</aligny>
			<scroll>true</scroll>
			<textcolor>black</textcolor>
			<label>($INFO[Container(2).NumItems]) $LOCALIZE[31025] - $LOCALIZE[31024] ($INFO[Container(2).CurrentPage]/$INFO[Container(2).NumPages])</label>
		</control>
	</controls>
</window>