<?xml version="1.0" encoding="UTF-8"?>
<window>
	<defaultcontrol always="true">5</defaultcontrol>
	<include>16x9_xPos_Relocation</include>
	<include>Window_OpenClose_Animation_Zoom</include>
	<coordinates>
		<system>1</system>
		<posx>240</posx>
		<posy>80</posy>
	</coordinates>
	<controls>
		<control type="image">
			<description>Shadow Background for dialogs without BehindDialogFadeOut include</description>
			<posx>-30</posx>
			<posy>-30</posy>
			<width>860</width>
			<height>860</height>
			<texture border="30">DialogShadow.png</texture>
		</control>
		<control type="image">
			<posx>0</posx>
			<posy>0</posy>
			<width>800</width>
			<height>60</height>
			<texture border="5">DialogHeader.png</texture>
		</control>
		<control type="image">
			<posx>0</posx>
			<posy>60</posy>
			<width>800</width>
			<height>740</height>
			<texture border="5">DialogBack.png</texture>
		</control>
		<control type="label" id="2">
			<description>header label</description>
			<posx>20</posx>
			<posy>0</posy>
			<include>WindowTitleCommons</include>
			<width>700</width>
			<label>-</label>
		</control>
		<control type="group">
			<posx>730</posx>
			<posy>0</posy>
			<include>DialogCloseButtonCommons</include>
		</control>
		<control type="grouplist" id="5">
			<description>control area</description>
			<posx>20</posx>
			<posy>60</posy>
			<width>760</width>
			<height>660</height>
			<itemgap>-1</itemgap>
			<pagecontrol>-</pagecontrol>
			<onup>9001</onup>
			<ondown>9001</ondown>
			<onleft>9001</onleft>
			<onright>9001</onright>
		</control>

		<control type="sliderex" id="13">
			<description>Default Slider</description>
			<height>55</height>
			<texturefocus border="0,2,0,2">MenuItemNF.png</texturefocus>
			<texturenofocus border="0,2,0,2">MenuItemNF.png</texturenofocus>
			<font>font13</font>
			<textcolor>black</textcolor>
		</control>
		<control type="button" id="7">
			<description>Default Button</description>
			<posx>0</posx>
			<posy>0</posy>
			<height>55</height>
			<font>font13</font>
			<textcolor>black</textcolor>
			<texturefocus border="0,2,0,2">MenuItemNF.png</texturefocus>
			<texturenofocus border="0,2,0,2">MenuItemNF.png</texturenofocus>
		</control>
		<control type="radiobutton" id="8">
			<description>Default RadioButton</description>
			<posx>0</posx>
			<posy>0</posy>
			<height>55</height>
			<font>font13</font>
			<textcolor>black</textcolor>
			<texturefocus border="0,2,0,2">MenuItemNF.png</texturefocus>
			<texturenofocus border="0,2,0,2">MenuItemNF.png</texturenofocus>
		</control>
		<control type="spincontrolex" id="9">
			<description>Default SpinControlex</description>
			<posx>0</posx>
			<posy>0</posy>
			<height>55</height>
			<font>font13</font>
			<textcolor>black</textcolor>
			<texturefocus border="0,2,0,2">MenuItemNF.png</texturefocus>
			<texturenofocus border="0,2,0,2">MenuItemNF.png</texturenofocus>
			<aligny>center</aligny>
			<reverse>yes</reverse>
		</control>
		<control type="image" id="11">
			<description>separator image</description>
			<height>5</height>
			<texture>separator.png</texture>
		</control>
		<control type="edit" id="12">
			<description>Default Edit</description>
			<posx>0</posx>
			<posy>0</posy>
			<height>55</height>
			<font>font13</font>
			<textcolor>black</textcolor>
			<texturefocus border="0,2,0,2">MenuItemNF.png</texturefocus>
			<texturenofocus border="0,2,0,2">MenuItemNF.png</texturenofocus>
		</control>

		<control type="group" id="9001">
			<posx>195</posx>
			<posy>730</posy>
			<control type="button" id="28">
				<description>Ok Button</description>
				<posx>0</posx>
				<posy>0</posy>
				<width>200</width>
				<include>ButtonInfoDialogsCommonValues</include>
				<label>186</label>
				<onup>5</onup>
				<onleft>27</onleft>
				<onright>27</onright>
				<ondown>5</ondown>
			</control>
			<control type="button" id="27">
				<description>Clear Button</description>
				<posx>210</posx>
				<posy>0</posy>
				<width>200</width>
				<include>ButtonInfoDialogsCommonValues</include>
				<label>192</label>
				<onup>5</onup>
				<onleft>28</onleft>
				<onright>28</onright>
				<ondown>5</ondown>
			</control>
		</control>
	</controls>
</window>
