<?xml version="1.0" encoding="UTF-8"?>
<window id="10140">
	<defaultcontrol always="true">20</defaultcontrol>
	<include>16x9_xPos_Relocation</include>
	<include>Window_OpenClose_Animation_Zoom</include>
	<coordinates>
		<system>1</system>
		<posx>290</posx>
		<posy>80</posy>
	</coordinates>
	<controls>
		<control type="group">
			<visible>!Window.IsVisible(PeripheralSettings)</visible>
			<include>VisibleFadeEffect</include>
			<control type="image">
				<posx>0</posx>
				<posy>0</posy>
				<width>700</width>
				<height>60</height>
				<texture border="5">DialogHeader.png</texture>
			</control>
			<control type="image">
				<posx>0</posx>
				<posy>60</posy>
				<width>700</width>
				<height>740</height>
				<texture border="5">DialogBack.png</texture>
			</control>
			<control type="label" id="1">
				<description>header label</description>
				<posx>20</posx>
				<posy>0</posy>
				<include>WindowTitleCommons</include>
				<width>600</width>
				<label>$LOCALIZE[35000]</label>
			</control>
			<control type="group">
				<posx>630</posx>
				<posy>0</posy>
				<include>DialogCloseButtonCommons</include>
			</control>
			<control type="list" id="20">
				<posx>0</posx>
				<posy>60</posy>
				<width>700</width>
				<height>650</height>
				<onup>6</onup>
				<ondown>6</ondown>
				<onleft>5</onleft>
				<onright>61</onright>
				<pagecontrol>-</pagecontrol>
				<scrolltime>200</scrolltime>
				<itemlayout height="100" width="700">
					<control type="image">
						<posx>0</posx>
						<posy>-2</posy>
						<width>700</width>
						<height>5</height>
						<texture>separator.png</texture>
					</control>
					<control type="label">
						<posx>20</posx>
						<posy>5</posy>
						<width>550</width>
						<height>35</height>
						<font>font13</font>
						<textcolor>black</textcolor>
						<selectedcolor>selected</selectedcolor>
						<align>left</align>
						<aligny>center</aligny>
						<label>[B]$INFO[ListItem.Label][/B]</label>
					</control>
					<control type="label">
						<description>Product ID Vendor ID</description>
						<posx>30</posx>
						<posy>35</posy>
						<width>540</width>
						<height>20</height>
						<label>$LOCALIZE[35504]:  $INFO[ListItem.Property(Product)]    $LOCALIZE[35503]:  $INFO[ListItem.Property(Vendor)]</label>
						<align>left</align>
						<aligny>center</aligny>
						<font>font12</font>
						<textcolor>black</textcolor>
					</control>
					<control type="label">
						<description>class</description>
						<posx>30</posx>
						<posy>55</posy>
						<width>540</width>
						<height>20</height>
						<label>$LOCALIZE[35501]:  $INFO[ListItem.Property(Class)]</label>
						<align>left</align>
						<aligny>center</aligny>
						<font>font12</font>
						<textcolor>black</textcolor>
					</control>
				</itemlayout>
				<focusedlayout height="100" width="700">
					<control type="image">
						<posx>0</posx>
						<posy>-2</posy>
						<width>700</width>
						<height>5</height>
						<texture>separator.png</texture>
					</control>
					<control type="label">
						<posx>20</posx>
						<posy>5</posy>
						<width>550</width>
						<height>35</height>
						<font>font13</font>
						<textcolor>black</textcolor>
						<selectedcolor>selected</selectedcolor>
						<align>left</align>
						<aligny>center</aligny>
						<label>[B]$INFO[ListItem.Label][/B]</label>
					</control>
					<control type="label">
						<description>Product ID Vendor ID</description>
						<posx>30</posx>
						<posy>35</posy>
						<width>540</width>
						<height>20</height>
						<label>$LOCALIZE[35504]:  $INFO[ListItem.Property(Product)]    $LOCALIZE[35503]:  $INFO[ListItem.Property(Vendor)]</label>
						<align>left</align>
						<aligny>center</aligny>
						<font>font12</font>
						<textcolor>black</textcolor>
					</control>
					<control type="label">
						<description>class</description>
						<posx>30</posx>
						<posy>55</posy>
						<width>540</width>
						<height>20</height>
						<label>$LOCALIZE[35501]:  $INFO[ListItem.Property(Class)]</label>
						<align>left</align>
						<aligny>center</aligny>
						<font>font12</font>
						<textcolor>black</textcolor>
					</control>
				</focusedlayout>
			</control>
			<control type="label">
				<description>number of files/pages in list text label</description>
				<posx>680</posx>
				<posy>750</posy>
				<width>300</width>
				<height>30</height>
				<font>font13</font>
				<align>right</align>
				<aligny>center</aligny>
				<scroll>true</scroll>
				<textcolor>black</textcolor>
				<label>($INFO[Container(20).NumItems]) $LOCALIZE[31025] - $LOCALIZE[31024] ($INFO[Container(20).CurrentPage]/$INFO[Container(20).NumPages])</label>
			</control>
			<control type="button" id="10">
				<description>Close button</description>
				<posx>20</posx>
				<posy>740</posy>
				<width>200</width>
				<include>ButtonInfoDialogsCommonValues</include>
				<label>186</label>
				<onleft>61</onleft>
				<onright>20</onright>
				<onup>20</onup>
				<ondown>20</ondown>
			</control>
		</control>
	</controls>
</window>
