<?xml version="1.0" encoding="UTF-8"?>
<window type="dialog" id="114">
	<defaultcontrol></defaultcontrol>
	<include>dialogeffect</include>
	<visible>Player.HasMedia + Window.IsActive(PlayerControls) + !Window.IsActive(FullscreenVideo) + !Window.IsActive(Visualisation)</visible>
	<onunload>Skin.Reset(PlayerControlsSubMenuVisible)</onunload>
	<coordinates>
		<system>1</system>
		<posx>0</posx>
		<posy>0</posy>
	</coordinates>
	<controls>
		<include>PlayerControlCommons</include>
	</controls>
</window>