<?xml version="1.0" encoding="UTF-8" standalone="yes"?>
<addon id="plugin.video.phstreams" name="Phoenix" version="3.2.0" provider-name="tvaddons.ag">
	<requires>
		<import addon="xbmc.python" version="2.1.0" />
		<import addon="plugin.video.youtube" version="5.2.1" optional="true" />
		<import addon="script.module.pyxbmct" version="1.1.4" />
		<import addon="script.module.urlresolver" version="3.0.0"/>
		<import addon="script.module.liveresolver" version="0.1.24"/>
		<import addon="script.video.F4mProxy" version="2.2.3"/>
	</requires>
	<extension point="xbmc.python.pluginsource" library="default.py">
		<provides>video</provides>
	</extension>
	<extension point="xbmc.addon.metadata">
		<summary lang="en">Phoenix</summary>
		<description lang="en">Discover Great Streaming Playlists, Please visit www.tvaddons.ag for help and support!</description>
		<platform>all</platform>
		<forum>http://forums.tvaddons.ag/forums/220-PHOENIX-LIVE-STREAMS</forum>
		<website>http://www.tvaddons.ag/</website>
		<assets>
			<icon>icon.png</icon>
			<fanart>fanart.jpg</fanart>
			<screenshot>resources/screenshots/screenshot-01.jpg</screenshot>
			<screenshot>resources/screenshots/screenshot-02.jpg</screenshot>
			<screenshot>resources/screenshots/screenshot-03.jpg</screenshot>
		</assets>
		<news>Updated indexers[CR]Updated providers[CR]Cosmetics</news>
	</extension>
</addon>
