<?xml version="1.0" encoding="UTF-8" standalone="yes"?>
<addon id="plugin.video.roggerstream"
       name="Rogger Stream"
       version="5.0.1"
       provider-name="Rogger Henrique, Filipe Carvalho e Marcos Alvarenga">
  <requires>
    <import addon="xbmc.python" version="2.1.0"/>
    <import addon="script.module.beautifulsoup" version="3.2.1"/>
    <import addon="script.module.simple.downloader" version="0.9.4"/>
    <import addon="script.module.beautifulsoup4" />
    <import addon="script.module.requests" />
    <import addon="script.module.httplib2" />
    <import addon="script.module.youtube.dl" optional="true"/>
    <import addon="plugin.video.youtube" optional="true" />
    <import addon="script.module.urlresolver" optional="true"/>
    <import addon="script.module.simplejson" />    
     <import addon="script.module.livestreamer" optional="true"/>
     <import addon="script.module.pyamf" optional="true"/>
  </requires>
  <extension point="xbmc.python.pluginsource" library="default.py">
    <provides>video</provides>
  </extension>
  <extension point="xbmc.addon.metadata">
    <summary lang="en">Lista de canais IPTV by Rogger</summary>
    <description lang="en">Assista a vários canais transmitidos pela internet diretamente no Kodi</description>
    <platform>all</platform>
  </extension>
</addon>
