<?xml version="1.0" encoding="UTF-8" standalone="yes"?>
<addon id="repository.eyecandyTV" name="[COLOR gold][B]E[/B][/COLOR][COLOR ghostwhite][B]ye[/B][/COLOR][COLOR gold][B]C[/B][/COLOR][COLOR ghostwhite][B]andy[/B][/COLOR][COLOR gold][B]T[/B][/COLOR][COLOR ghostwhite][B]V[/B][/COLOR] [COLOR gold][B]R[/B][/COLOR][COLOR ghostwhite][B]epo[/B][/COLOR]" version="1.4" provider-name="Phase">
	<extension point="xbmc.addon.repository" name="EyeCandyTV Repo">
		<dir>
		<info compressed="false">https://offshoregit.com/tvaresolvers/tva-common-repository/raw/master/addons.xml</info>
		<checksum>https://offshoregit.com/tvaresolvers/tva-common-repository/raw/master/addons.xml.md5</checksum>
		<datadir zip="true">https://offshoregit.com/tvaresolvers/tva-common-repository/raw/master/zips/</datadir>
	</dir>
		<info compressed="false">http://eyecandytv.uk/repo/addons.xml</info>
		<checksum>http://eyecandytv.uk/repo/addons.xml.md5</checksum>
		<datadir zip="true">http://eyecandytv.uk/plugins/</datadir>
	</extension>
	<extension point="xbmc.addon.metadata">
		<summary>EyeCady</summary>
		<description>EyeCandy</description>
		<platform>all</platform>
	</extension>
</addon>

