<?xml version="1.0" encoding="UTF-8" standalone="yes"?>
<addon id="plugin.video.mediahub" name="[COLOR blue]M[/COLOR][COLOR white]edia Hub[/COLOR]" version="1.5" provider-name="sClarke">
	<requires>
		<import addon="xbmc.python" version="2.1.0" />
		<import addon="plugin.video.youtube" version="5.2.1" optional="true" />
		<import addon="script.module.pyxbmct" version="1.1.4" />
		<import addon="script.module.urlresolver" version="3.0.0"/>
		<import addon="script.module.liveresolver" version="0.1.24"/>
		<import addon="script.video.F4mProxy" version="2.2.3"/>
		<import addon="repository.xunitytalk" version="1.1.1"/>
		<import addon="repository.filmkodi.com" version="2.1.0"/>
	</requires>
	<extension point="xbmc.python.pluginsource" library="default.py">
		<provides>video</provides>
	</extension>
	<extension point="xbmc.addon.metadata">
		<summary lang="en">[COLOR blue]M[/COLOR][COLOR white]edia Hub[/COLOR]</summary>
		<description lang="en">Bringing You A Host Of Content, Including - Live TV, Sports, TV Shows, Radio, Kids, Downloadable Movies.</description>
		<platform>all</platform>
	</extension>
</addon>