<?xml version="1.0" encoding="UTF-8" standalone="yes"?>
<addon id="plugin.video.SuperStreams" name="SuperStreams" version="2.1.0" provider-name="SuperStreams">
<requires>
    <import addon="xbmc.python" version="2.1.0" />
</requires>
<extension point="xbmc.python.pluginsource" library="default.py">
		<provides>video</provides>
	</extension>
	<extension  point="xbmc.addon.metadata">
		<summary lang="nl">SuperStreams voor XBMC / KODI!</summary>
		<description lang="nl">Met deze addon is het mogelijk om sport streams te bekijken in XBMC / KODI.</description>
		<platform>all</platform>
		<website></website>
	</extension>
</addon>
