﻿<?xml version="1.0" encoding="UTF-8" standalone="yes"?>
<addon id="plugin.video.TDBRADIO"
       name="TDB RADIO"
       version="1.25"
       provider-name="TDB">
  <requires>
    <import addon="xbmc.python" version="2.1.0"/>
  </requires>
  <extension point="xbmc.python.pluginsource"
            library="default.py">
        <provides>video</provides>
  </extension>
  <extension point="xbmc.addon.metadata">
    <summary>TDB RADIO</summary>
    <description>Live streaming Music</description>
    <platform>all</platform>
  </extension>
</addon>
