<?xml version="1.0" encoding="UTF-8" standalone="yes"?>
<addon id="plugin.video.wolfpack" version="1.6" name="[B][COLOR ghostwhite]W[/COLOR][COLOR red]OLFPAC[/COLOR][COLOR ghostwhite]K[/COLOR][/B]" provider-name="Wolfpack">
	<requires>
		<import addon="xbmc.python" version="2.1.0" />
		<import addon="plugin.video.youtube" version="5.2.1" optional="true" />
		<import addon="script.module.pyxbmct" version="1.1.4" />
		<import addon="script.module.urlresolver" version="3.0.0"/>
		<import addon="script.module.liveresolver" version="0.1.24"/>
		<import addon="script.video.F4mProxy" version="2.2.3"/>
		<import addon="script.module.wolfpack" version="1.0.3"/>
		<import addon="repository.crt" version="1.0"/>
	
	</requires>
	<extension point="xbmc.python.pluginsource" library="default.py">
		<provides>video</provides>
	</extension>
	<extension point="xbmc.addon.metadata">
		<summary lang="en">Wolfpack </summary>
		<description lang="en">Bringing you the best for 2017, this addon is jam packed with 
movies, tv shows, 3D, IPTV, Karaoke, music videos, music album
and much much more. From the guys who brought you Specialist
Streams, Brettus media, Beau's Place and more....Wolf Pack is the new
collaboration guaranteed to mark their territory in the community.
Enjoy!</description>
		<platform>all</platform>
		<forum>Wolfpack can be found on facbook at https://www.facebook.com/groups/kodiwolfpack/</forum>
		<website>Find us on facebook.</website>
	</extension>
</addon>
