<?xml version="1.0" encoding="UTF-8" standalone="yes"?>
<addon id="plugin.video.skymashitvkids" name="SkymashiTV Kids" version="1.5" provider-name="SkymashiTV">
  <requires>
    <import addon="xbmc.python" version="2.1.0"/>
    <import addon="script.module.addon.common" version="0.0.1"/>
    <import addon="plugin.video.youtube" version="0.0.1"/>
  </requires>
  <extension point="xbmc.python.pluginsource" library="default.py">
    <provides>video</provides>
  </extension>
  <extension point="xbmc.addon.metadata">
    <summary lang="en">Baby and Toddler TV</summary>
    <description lang="en">Channels for Babies and Toddlers</description>
    <platform>all</platform>
    <facebook>https://www.facebook.com/groups/1555745284754323/</facebook>
    <website>http://skymashi.eu</website>
  </extension>
</addon>
