<?xml version="1.0" encoding="UTF-8"?>
<addon id="skin.TDBTouched-K" version="1.04" name="TDB Touched Kodi" provider-name="TDB">
	<requires>
		<import addon="xbmc.gui" version="5.10.0"/>
	</requires>
	<extension point="xbmc.gui.skin" debugging="false">
		<res width="1280" height="960" aspect="4:3" folder="16x9"/>
		<res width="1706" height="960" aspect="16:9" default="true" folder="16x9"/>
	</extension>
	<extension point="xbmc.addon.metadata">
		<summary lang="en">Touched skin by TDB designed to be used on touch screen devices or Android TV with a mouse</summary>
		<description lang="en">This Skin is to be used on touch screen devices like the iPad or with a mouse</description>
		<disclaimer lang="en">Do not use this skin unless you have either touch screen or a mouse connected or you may lose navigation</disclaimer>
		<platform>all</platform>
		<license>Creative Commons Attribution-Share Alike 3.0 United States</license>
		<forum>http://forum.kodi.tv/forumdisplay.php?fid=189</forum>
		<website></website>
		<email></email>
		<source>https://github.com/tdbaddon/tdbaddon/tree/master/skin.TDBTouched</source>
	</extension>
</addon>
