﻿<?xml version="1.0" encoding="UTF-8" standalone="yes"?>
<addon id="teamtuga4ever.repository" name="teamtuga4ever repository" version="1.4" provider-name="teamtuga4ever">
	<extension point="xbmc.addon.repository" name="teamtuga4ever repository">
		<info compressed="false">http://teamtuga4ever.net16.net/Repository/addons.xml</info>
		<checksum>http://teamtuga4ever.net16.net/Repository/addons.xml.md5</checksum>
		<datadir zip="true">http://teamtuga4ever.net16.net/Repository/instal/</datadir>
	</extension>
	<extension point="xbmc.addon.metadata">
		<summary>Equipe TeamTuga4ever</summary>
		<description>teamtuga4ever Repository</description>
		<disclaimer></disclaimer>
		<platform>all</platform>
	</extension>
</addon>