<settings>
    <setting id="kodion.cache.size" value="20" />
    <setting id="kodion.content.max_per_page" value="9" />
    <setting id="kodion.fanart.show" value="true" />
    <setting id="kodion.maintain.clear.func" value="" />
    <setting id="kodion.maintain.clear.search" value="" />
    <setting id="kodion.maintain.delete.func" value="" />
    <setting id="kodion.maintain.delete.search" value="" />
    <setting id="kodion.maintain.delete.settings" value="" />
    <setting id="kodion.search.size" value="1" />
    <setting id="kodion.setup_wizard" value="true" />
    <setting id="kodion.subtitle.languages" value="0" />
    <setting id="kodion.support.alternative_player" value="false" />
    <setting id="kodion.video.quality" value="3" />
    <setting id="kodion.video.quality.ask" value="false" />
    <setting id="kodion.video.quality.mpd" value="false" />
    <setting id="kodion.video.quality.mpd.configure" value="" />
    <setting id="kodion.video.support.mpd.addon" value="true" />
    <setting id="kodion.video.support.mpd.builtin" value="false" />
    <setting id="simple.requests.ssl.verify" value="false" />
    <setting id="youtube.api.enable" value="false" />
    <setting id="youtube.api.id" value="" />
    <setting id="youtube.api.key" value="" />
    <setting id="youtube.api.key.switch" value="1" />
    <setting id="youtube.api.key.switch.use" value="" />
    <setting id="youtube.api.last.hash" value="" />
    <setting id="youtube.api.last.switch" value="" />
    <setting id="youtube.api.secret" value="" />
    <setting id="youtube.channel.fanart.show" value="true" />
    <setting id="youtube.folder.browse_channels.show" value="true" />
    <setting id="youtube.folder.disliked_videos.show" value="true" />
    <setting id="youtube.folder.history.playlist" value="" />
    <setting id="youtube.folder.history.show" value="true" />
    <setting id="youtube.folder.liked_videos.show" value="true" />
    <setting id="youtube.folder.live.show" value="true" />
    <setting id="youtube.folder.my_channel.show" value="true" />
    <setting id="youtube.folder.my_subscriptions.show" value="true" />
    <setting id="youtube.folder.playlists.show" value="true" />
    <setting id="youtube.folder.popular_right_now.show" value="true" />
    <setting id="youtube.folder.recommendations.show" value="true" />
    <setting id="youtube.folder.settings.show" value="true" />
    <setting id="youtube.folder.sign.in.show" value="true" />
    <setting id="youtube.folder.sign.out.show" value="true" />
    <setting id="youtube.folder.subscriptions.show" value="true" />
    <setting id="youtube.folder.watch_later.playlist" value="" />
    <setting id="youtube.folder.watch_later.show" value="true" />
    <setting id="youtube.language" value="en-US" />
    <setting id="youtube.playlist.watchlater.autoremove" value="true" />
    <setting id="youtube.region" value="US" />
    <setting id="youtube.view.description.show_channel_name" value="true" />
</settings>
