<?xml version="1.1" encoding="UTF-8" standalone="yes"?>
<addon id="plugin.video.cerberus" name="[COLOR limegreen][I]Cerberus[/I][/COLOR]" version="1.5" provider-name="[COLOR darkseagreen]Shaytan Lykos[/COLOR]">
  <requires>
    <import addon="xbmc.python" version="2.1.0"/>
	<import addon="script.module.urlresolver"  version="3.0.0"/>
	<import addon="script.module.addon.common" />
  </requires>
  <extension point="xbmc.python.pluginsource" library="default.py">
		<provides>video</provides>
  </extension>
  <extension point="xbmc.addon.metadata">
	<summary lang="en">[COLOR limegreen]Cerberus[/COLOR] [COLOR lawngreen]v1.5[/COLOR]</summary>
	<description lang="en">[COLOR chocolate]Cerberus[/COLOR]</description>
    <disclaimer lang="en">[COLOR orangered]The author neither hosts or stores any content, the author has no affiliation with content hosts[/COLOR]</disclaimer>
    <language></language>
    <platform>all</platform>
    <license>GNU GENERAL PUBLIC LICENSE. Version 2, June 1991</license>
    <forum>http://band.us/@cerberus</forum>
    <website></website>
    <email></email>
    <source></source>
    <news>v1.5 (2017-04-15) Fixed a couple of things; </news>
    <assets>
        <icon>resources/art/icon.png</icon>
        <fanart>resources/art/fanart.jpg</fanart>
        <screenshot>resources/screenshot-01.jpg</screenshot>
        <screenshot>resources/screenshot-02.jpg</screenshot>
        <screenshot>resources/screenshot-03.jpg</screenshot>
        <screenshot>resources/screenshot-04.jpg</screenshot>        
    </assets>
  </extension>
</addon>
