<?xml version="1.0" encoding="UTF-8" standalone="yes"?>
<addon id="plugin.video.metalvideo" name="Metalvideo" provider-name="willforde" version="2.0.4">
	<requires>
		<import addon="xbmc.python" version="2.19.0"/>
		<import addon="script.module.xbmcutil" version="3.0.0"/>
		<import addon="plugin.video.youtube" version="5.0.0"/>
	</requires>
	<extension library="addon.py" point="xbmc.python.pluginsource">
		<provides>audio video</provides>
	</extension>
	<extension point="xbmc.addon.metadata">
		<language>en</language>
		<platform>all</platform>
		<summary lang="en">Heavy Metal Music Videos.</summary>
		<description lang="en">A Place for all your heavy metal music videos, With loads of categorys.</description>
		<license>GNU GENERAL PUBLIC LICENSE. Version 3, June 2007</license>
		<email>willforde+kodi@gmail.com</email>
		<forum>http://forum.kodi.tv/showthread.php?tid=178798</forum>
		<source>https://github.com/willforde/plugin.video.metalvideo</source>
		<website>http://metalvideo.com</website>
	</extension>
</addon>
