<?xml version="1.0" encoding="UTF-8" standalone="yes"?>
<addon id="repository.goodfellas" name="GoodFellas" version="1.6" provider-name="GoodFellas">
	<requires>
		<import addon="repository.gfservers" />
	</requires>
	<extension point="xbmc.addon.repository" name="Good Fellas">
		<info compressed="false">http://www.goodfellasteam.com/Plugins/addons.xml</info>
		<checksum>http://www.goodfellasteam.com/Plugins/addons.xml.md5</checksum>
		<datadir zip="true">http://www.goodfellasteam.com/Plugins/</datadir>
	</extension>
	<extension point="xbmc.addon.metadata">
		<summary>Welcome to the GoodFellas Repository where you will find all the Live Tv, Movies, and Documentaries</summary>
		<description>The Best Live Tv and Movies addon</description>
		<platform>all</platform>
	</extension>
</addon>

