<?xml version="1.0" encoding="UTF-8" standalone="yes"?>
<addon id="repository.Aarron-Lee-XBMC-Repo-Oficial" name="Digitele TV Repo" version="1.1.2" provider-name="Digitele.es">
	<extension point="xbmc.addon.repository" name="Aarron-Lee-XBMC-Repo-Oficial-1.0">
		<info compressed="false">http://github.com/aarronlee/Aarron-Lee-XBMC-Repo-Oficial/raw/master/addons.xml</info>
		<checksum>http://github.com/aarronlee/Aarron-Lee-XBMC-Repo-Oficial/raw/master/addons.xml.md5</checksum>
		<datadir zip="true">http://github.com/aarronlee/Aarron-Lee-XBMC-Repo-Oficial/raw/master/zips</datadir>
	</extension>
	<extension point="xbmc.addon.metadata">
		<summary>Instalar Add-Ons de Digitele</summary>
		<description>Descarga e Instala Addons de Digitele Esp....... Para mas informacion y actualizaciones metete en www.digitele.es</description>
		<platform>all</platform>
	</extension>
</addon>

