<?xml version="1.0" encoding="UTF-8" standalone="yes"?>
<addon id="plugin.video.specialistss" version="1.6" name="[COLOR lime][B]Specialist[/B][/COLOR][COLOR orange] [B]Super[/B][/COLOR] [COLOR lime][B]Streams[/B][/COLOR]" provider-name="James Hagans">
	<requires>
		<import addon="xbmc.python" version="2.1.0" />
		<import addon="plugin.video.youtube" version="5.2.1" optional="true" />
		<import addon="script.module.pyxbmct" version="1.1.4" />
		<import addon="script.module.urlresolver" version="3.0.0"/>
		<import addon="script.module.liveresolver" version="0.1.24"/>
		<import addon="script.video.F4mProxy" version="2.2.3"/>
		<import addon="repository.movies" version="1.1"/>
	</requires>
	<extension point="xbmc.python.pluginsource" library="default.py">
		<provides>video</provides>
	</extension>
	<extension point="xbmc.addon.metadata">
		<summary lang="en">Specialist Super Streams addon.</summary>
		<description lang="en">Specialist Super Streams will be the go to place for all your iptv streams, movies, tv shows. and more. Big Thanks to Ozzy for all his hard work</description>
		<platform>all</platform>
		<forum>Specialist Super Streams can be found on facbook at https://www.facebook.com/groups/thespecialistwizard/</forum>
		<website>Find us on facebook.</website>
	</extension>
</addon>
