<?xml version="1.0" encoding="UTF-8" standalone="yes"?>
<addon id="screensaver.atv4" name="Aerial" version="1.4.0" provider-name="enen92">
	<requires>
		<import addon="xbmc.python" version="2.19.0"/>
	</requires>
	<extension point="xbmc.ui.screensaver" library="screensaver.py" />
	<extension point="xbmc.python.script" library="atv.py">
		<provides>video</provides> 
	</extension>
	<extension point="xbmc.service" library="service.py" start="login"/>
	<extension point="xbmc.addon.metadata">
		<platform>all</platform>
		<license>GNU GENERAL PUBLIC LICENSE. Version 2, June 1991</license>
		<source>https://github.com/enen92/screensaver.atv4</source>
		<forum>http://forum.kodi.tv/showthread.php?tid=246655</forum>
		<summary lang="en">Apple TV 4 Screensavers in Kodi</summary>
		<description lang="en">This screensaver addon enables the new Apple TV4 aerial screensavers in Kodi</description>
    </extension>
    <news>v1.4.0  (2017-2-11) [CR]
    	- (thanks graysky2) [CR]
		- Improve DPMS logic [CR]
		- New settings for DPMS  [CR]
		- Fix windows [CR]
		- Video part turned into video addon [CR]
		- New screensaver init logic [CR]
		- Added service [CR]
	</news>
    <assets>
	    <icon>icon.png</icon>
	    <fanart>fanart.jpg</fanart>
	    <screenshot>resources/screenshots/screenshot-01.jpg</screenshot>
	    <screenshot>resources/screenshots/screenshot-02.jpg</screenshot>
	    <screenshot>resources/screenshots/screenshot-03.jpg</screenshot>
	    <screenshot>resources/screenshots/screenshot-04.jpg</screenshot>
	</assets>
</addon>
