﻿<?xml version="1.0" encoding="UTF-8"?>
<addon
  id="skin.TDB-Touched"
  version="1.00"
  name="TDB-Touched"
  provider-name="TDB">
  <requires>
    <import addon="xbmc.gui" version="5.0.0"/>
  </requires>
  <extension
    point="xbmc.gui.skin"
    defaultthemename="Textures.xbt"
    debugging="false">
    <res width="1280" height="960" aspect="4:3" default="true" folder="4x3Hirez" />
    <res width="1706" height="960" aspect="16:9" folder="16x9" />
  </extension>
  <extension point="xbmc.addon.metadata">
    <summary lang="af">Touched omslag deur TDB ontwerp om op raak skerm toestelle te gebruik</summary>
    <summary lang="ar">جلد ملموس من  TDB صمم ليستخدم على أجهزة شاشات اللمس</summary>
    <summary lang="be">Touched skin by TDB</summary>
    <summary lang="bg">Облик от TDB за устройства със сензорен екран</summary>
    <summary lang="ca">Touched es una pell dissenaya per TDB per ser utilitzada en dispositius tàctils</summary>
    <summary lang="cs">Motiv Touched byl vytvořen TDB pro použití na zařízeních s dotykovou obrazovkou</summary>
    <summary lang="da">Touched-skin af TDB, designet til at blive brugt på touchscreen-enheder.</summary>
    <summary lang="de">"Touched"-Skin von TDB erstellt zur Nutzung auf Touch-Screen-Geräten</summary>
    <summary lang="el">Το κέλυφος Touched από τον TDB, σχεδιασμένο για χρήση σε συσκευές με οθόνη αφής</summary>
    <summary lang="en">Touched skin by TDB</summary>
    <summary lang="es">Touched es una skin diseñada por TDB para ser usada en dispositivos táctiles.</summary>
    <summary lang="es_AR">Touched es un skin diseñado por TDB para ser usado en dispositivos táctiles.</summary>
    <summary lang="es_MX">Skin Touched por TDB diseñado para uso en dispositivos con pantalla táctil</summary>
    <summary lang="et">Touched rüü autorilt TDB puutetundlikele seadetele</summary>
    <summary lang="fi">Touched-ulkoasun tehnyt TDB, suunniteltu käytettäväksi kosketusnäytöllisissä laitteissa</summary>
    <summary lang="fr">Thème Touched de TDB conçu pour être utilisé sur les périphériques à écran tactile</summary>
    <summary lang="gl">Pel Touched por TDB deseñada para empregar en dispositivos táctiles</summary>
    <summary lang="he">סקין Touched עוצב ע"י TDB עבור מכשירי מסך מגע</summary>
    <summary lang="hr">Touched presvlaka od TDB-a je dizajnirana za korištenje na uređajima sa zaslonima osjetljivim na dodir.</summary>
    <summary lang="hu">A Touched felszínt TDB tervezte, az érintőképernyős eszközökhöz.</summary>
    <summary lang="it">Skin Touched di TDB ideata per essere usata su periferiche touch screen</summary>
    <summary lang="ja">Touched スキン by TDB（タッチスクリーン端末向け）</summary>
    <summary lang="ko">TDB가 만든 Touched 스킨은 터치 스크린 장치에서 사용하도록 디자인 되었습니다.</summary>
    <summary lang="lt">Lietimui jautri tema sukūrta  TDB skirta naudoti kompiuteriui, plančetei su sensoriniu ekranu</summary>
    <summary lang="mk">Touched маска од  TDB дизајнирана за користење со екрани на допир</summary>
    <summary lang="ms">Touched skin oleh TDB direka untuk digunakan pada peranti skrin sentuh</summary>
    <summary lang="nl">Touched skin door TDB ontworpen voor aanraakscherm apparaten</summary>
    <summary lang="no">Touched skallet av TDB er designet for bruk på trykkfølsomme enheter</summary>
    <summary lang="pl">Skórka wykonana przez TDB, przeznaczona dla urządzeń posiadających ekran dotykowy</summary>
    <summary lang="pt">Tema Touched de TDB, preparada para o uso em dispositivos com ecrã táctil.</summary>
    <summary lang="pt_BR">Skin Touched por TDB concebida para ser usada em dispositivos com telas sensíveis ao toque</summary>
    <summary lang="ro">Skinul Touched realizat de TDB pentru a fi folosit pe dispozitivele cu ecran de tip touch</summary>
    <summary lang="ru">Сенсорная обложка  от TDB предназначена для использования на устройствах с сенсорным экраном</summary>
    <summary lang="se">Touched skin av TDB utformat för att användas på pekskärmsenheter</summary>
    <summary lang="sk">Touched skin od TDB navrhnutý pre použitie na dotykových displejoch</summary>
    <summary lang="sl">Preobleka Touched avtorja TDB je namenjena za uporabo na napravah z zaslonom na dotik</summary>
    <summary lang="sq">Maska 'Touched' nga TDB, dizenjuar për tu përdorur me pajisjet me ekran me prekje</summary>
    <summary lang="sv">Touched skal av TDB designat att användas på pekskärmsenheter</summary>
    <summary lang="th">หน้าตา Touched โดย TDB ได้ถูกออกแบบมาเพื่อใช้กับอุปกรณ์หน้าจอสัมผ้ส</summary>
    <summary lang="tr">Touched skin; TDB tarafından dokunmatik ekranlarda kullanılmak üzere tasarlanmıştır</summary>
    <summary lang="uk">Обкладинка Touched, створена TDB для пристроїв зі сенсорним екраном.</summary>
    <summary lang="vi">Bộ skin Touched bởi TDB được thiết kế để sử dụng trên các thiết bị sử dụng màn hình cảm ứng</summary>
    <summary lang="vi_VN">Giao diện cảm ứng thiết kế bởi TDB được dùng trên các thiết bị cảm ứng</summary>
    <summary lang="zh">由TDB设计用于触屏设备的Touched皮肤</summary>
    <summary lang="zh_TW">Touched 是由 TDB 所設計用於觸控螢幕裝置的佈景主題</summary>
    <description lang="af">Omslag van die grond af op ontwerp om op raak skerm toestelle soos die iPad te gebruik</description>
    <description lang="ar">جلد صمم بالكامل ليستخدم على أجهزة شاشات اللمس مثل الـ iPad</description>
    <description lang="be">Skin designed from the ground up to be used on touch screen devices like the iPad</description>
    <description lang="bg">Обликът е разработен от нулата специално за употреба на устройства със сензорен екран</description>
    <description lang="ca">Pell dissenyada des de zero especialment per dispositius de pantalla tàctil, com l'iPad</description>
    <description lang="cs">Motiv vytvořený od základu pro použití na zařízeních s dotykovou obrazovkou jako iPad</description>
    <description lang="da">Skinnet er designet fra bunden til at blive brugt på touchscreen-enheder såsom iPad'en.</description>
    <description lang="de">Skin wurde von Grund auf neu erstellt zur Nutzung auf Touch-Screen-Geräten wie iPad</description>
    <description lang="el">Κέλυφος σχεδιασμένο εξ αρχής για χρήση σε συσκευές με οθόνη αφής όπως το iPad</description>
    <description lang="en">Skin designed from the ground up to be used on touch screen devices or Android TV's used with a Fly Mouse or Wireless Mouse.</description>
    <description lang="es">Skin creada desde cero especialmente para dispositivos táctiles, como el iPad.</description>
    <description lang="es_AR">Skin creado desde cero especialmente para dispositivos táctiles, como el iPad.</description>
    <description lang="es_MX">Skin diseñado para uso en dispositivos con pantalla táctil como el iPad</description>
    <description lang="et">Spetsiaalselt puutetundlikele seadetele nagu iPad kasutamiseks disainitud rüü</description>
    <description lang="fi">Ulkoasu on suunniteltu alustalkaen käytettäväksi kosketusnäytöllisissä laitteissa, kuten iPad</description>
    <description lang="fr">Thème conçu en essence pour les écrans tactiles tel que l'Ipad</description>
    <description lang="gl">Pel deseñada de cero para ser empregada en dispositivos táctiles</description>
    <description lang="he">הסקין עוצב עבור מכשירים עם מסכי מגע כמו האייפד</description>
    <description lang="hr">Presvlaka dizajnirana od temelja za korištenje na uređajima sa zaslonima osjetljivima na dodir kao što je iPad</description>
    <description lang="hu">A felszín elkészítésének célja az, hogy használható legyen az olyan érintőképernyős eszközökön is mint az iPad.</description>
    <description lang="it">Skin ideata per essere usata su periferiche touch screen come l'iPad</description>
    <description lang="ja">iPad などのタッチスクリーン端末専用に開発されたスキン</description>
    <description lang="ko">iPad 같은 터치 스크린 장치에서 사용하도록 완전히 새롭게 디자인한 스킨</description>
    <description lang="lt">Tema sukūrta naudojimui kompiuteriams, plančetėms su sensoriniu ekranu tokioms kaip iPad, Samsung, Asus ir t.t.</description>
    <description lang="mk">Маска наново дизајнирана за користење со екрани на допир како што е iPad</description>
    <description lang="ms">Kulit direka dari sifar untuk digunakan pada peranti skrin sentuh seperti iPad</description>
    <description lang="nl">Skin is geheel opnieuw ontworpen om gebruikt te kunnen worden op apparaten met een aanraakscherm zoals de iPad</description>
    <description lang="no">Dette skallet er designet fra bunn for bruk på trykkfølsomme enheter som iPad</description>
    <description lang="pl">Skórka została wykonana z przeznaczeniem na urządzenia dotykowe, takie jak iPad </description>
    <description lang="pt">Tema desenvolvido de raiz para ser usado em ecrãs tácteis de dispositivos como o iPad</description>
    <description lang="pt_BR">Skin concebida do zero para ser usado em dispositivos com telas sensíveis ao toque, como o iPad</description>
    <description lang="ro">Skin realizat cu scopul de a fi utilizat pe dispozitive cu ecran de tip touch precum iPad</description>
    <description lang="ru">Обложка разработана с нуля для использования на устройствах с сенсорным экраном, таких как iPad</description>
    <description lang="se">Skal utformat från grunden för att användas på pekskärmsenheter som till exempel iPad</description>
    <description lang="sk">Vzhľad navrhnutý od základu pre použitie na zariadeniach s dotykovým displejom, ako napríklad iPad</description>
    <description lang="sl">Preobleka je zasnovana popolnoma na novo za naprave z zaslonom na dotik, kot je iPad</description>
    <description lang="sq">Maskë dizenjuar posaçërisht për tu përdorur me pajisjet me ekran me prekje si iPad’i</description>
    <description lang="sv">Skal designat från grunden för att användas på pekskärmsenhter som t.ex. iPad</description>
    <description lang="th">หน้าตาได้ถูกออกแบบขึ้นมาใหม่หมด เพื่อนำไปใช้กับอุปกรณ์หน้าจอสัมผ้ส เหมือน iPad</description>
    <description lang="tr">iPad gibi dokunmatik ekranlı cihazlarda kullanılmak üzere sıfırdan tasarlanmış dış görünüm</description>
    <description lang="uk">Обкладинка розроблена з нуля і призначена для використання на пристроях із сенсорним екраном, наприклад iPad.</description>
    <description lang="vi">Bộ skin được thiết kế lại từ đầu để sử dụng trên các thiết bị cảm ứng như iPad, Surface</description>
    <description lang="vi_VN">Giao diện được thiết kế cho các thiết bị cảm ứng như iPad</description>
    <description lang="zh">完全为用于类似iPad的触屏设备而设计的皮肤</description>
    <description lang="zh_TW">為了如 iPad 等擁有觸控螢幕的裝所重新設計的佈景主題</description>
    <disclaimer lang="af">Moenie hierdie omslag gebruik as daar nie 'n raak skerm of muis gekoppel is nie, of jy mag navigasie verloor</disclaimer>
    <disclaimer lang="ar">لا تستخدم هذا الجلد إذا لم يكن لديك شاشة لمس أو الفأرة موصولة أو قد تفقد التوجيه</disclaimer>
    <disclaimer lang="be">Do not use this skin unless you have either touch screen or a mouse connected or you may lose navigation</disclaimer>
    <disclaimer lang="bg">НЕ ползвайте облика ако устройството не е снабдено със сензорен екран или мишка, в противен случай ще загубите възможността за навигиране</disclaimer>
    <disclaimer lang="ca">No utilitzeu aquesta pell excepte si teniu una pantalla tàctil o un ratolí connectat, sinó podeu perdre la navegació</disclaimer>
    <disclaimer lang="cs">Nepoužívejte tento vzhled pokud nemáte dotykovou obrazovku, nebo připojenou myš. Můžete ztratit kontrolu nad ovládáním aplikace</disclaimer>
    <disclaimer lang="da">Brug ikke dette skin medmindre du enten har en touchscreen eller mus forbundet, ellers kan du miste navigeringen.</disclaimer>
    <disclaimer lang="de">Verwenden Sie diese Skin nur wenn Sie einen Touch-Screen haben oder eine Maus angeschlossen ist, andernfalls kann die Steuerung ausfallen</disclaimer>
    <disclaimer lang="el">Μην χρησιμοποιήσετε αυτό το κέλυφος αν δεν έχετε είτε μία οθόνη αφής ή ένα ποντίκι συνδεδεμένο διότι μπορεί να χάσετε τη δυνατότητα πλοήγησης</disclaimer>
    <disclaimer lang="en">Do not use this skin unless you have either touch screen or a mouse connected or you may lose navigation</disclaimer>
    <disclaimer lang="es">No uses esta skin a no ser que tengas un dispositivo táctil o un ratón conectado, puesto que puedes perder la posibilidad de moverte por las opciones.</disclaimer>
    <disclaimer lang="es_AR">No uses este skin a no ser que tengas un dispositivo táctil o un mouse conectado, ya que puedes perder la posibilidad de moverte por las opciones.</disclaimer>
    <disclaimer lang="es_MX">No uses éste skin a menos de que tengas una pantalla táctil o un mouse conectado o puedes perder la navegación</disclaimer>
    <disclaimer lang="et">Ära kasuta seda rüüd, kui sul puudub kas puutetundlik ekraan või ühendatud hiir. Vastasel juhul võid kaotada navigeerimise võimaluse</disclaimer>
    <disclaimer lang="fi">Älä käytä tätä skiniä ellei sinulla ole kosketusnäyttöä tai hiirtä liitettynä, koska saatat</disclaimer>
    <disclaimer lang="fr">N'utiliser ce thème qu'avec écran tactile ou souris sous peine d'en perdre le contrôle</disclaimer>
    <disclaimer lang="gl">Non empregar esta pel a non ser que teña ben un dispositivo táctil ou un rato conectado. Pode perder a navegación.</disclaimer>
    <disclaimer lang="he">אל תשתמש בסקין זה אם אין ברשותך מסך מגע או עכבר מחובר או שתחווה בעיות ניווט</disclaimer>
    <disclaimer lang="hr">Ne koristite ovu presvlaku ukoliko nemate zaslon osjetljiv na dodir ili spojeni miš, u suprotnom možete izgubiti upravljivost računalom</disclaimer>
    <disclaimer lang="hu">Ha a felszínt érintőképnyő nélkül, vagy egérrel használod, nem fog működni a navigálás</disclaimer>
    <disclaimer lang="it">Non usare questa skin se non hai un touch screen o un mouse connesso, o potresi perdere la navigazione</disclaimer>
    <disclaimer lang="ja">タッチスクリーンやマウスが接続されていない端末でこのスキンを使うと、操作出来なくなる可能性があります。</disclaimer>
    <disclaimer lang="ko">터치 스크린이나 마우스가 없는 상황에서 이 스킨을 사용하지 마십시오. 탐색이 불가능할 수 있습니다.</disclaimer>
    <disclaimer lang="lt">Šios temos vartoti negalima, nebent Jūs turite jutiklinį ekraną, arba prijungtą pelę kitaip Jūs galite prarasti naršymą/navigaciją</disclaimer>
    <disclaimer lang="mk">Не користи маска доколку немас екран на допир или маус, може да ја загубиш навигацијата</disclaimer>
    <disclaimer lang="ms">Jangan guna kulit ini melainkan anda mempunyai skrin sentuh atau tetikus yang bersambung atau anda kehilangan navigasi</disclaimer>
    <disclaimer lang="nl">Gebruik deze skin niet tenzij u gebruik maakt van een aanraakscherm of muis anders kan je de besturing verliezen</disclaimer>
    <disclaimer lang="no">Ikke bruk dette skallet med mindre du har en touch skjerm, eller en mus tilkoblet da du kan miste muligheten til å navigere i XBMC</disclaimer>
    <disclaimer lang="pl">Nie używaj tej skórki jeśli nie masz ekranu dotykowego lub podłączonej myszki, w przecinym razie możesz stracić możliwość nawigacji</disclaimer>
    <disclaimer lang="pt">Não utilize este tema se não tiver um ecrã táctil ou um rato, pois irá perder opções de navegação.</disclaimer>
    <disclaimer lang="pt_BR">Não use essa skin a menos que você tenha uma tela sensível ao toque ou um mouse conectado, ou você pode perder a navegação</disclaimer>
    <disclaimer lang="ro">Nu folosiți acest skin dacă nu aveți un ecran de tip touch sau dacă nu aveți un mouse conectat sau veți pierde navigabilitatea</disclaimer>
    <disclaimer lang="ru">Не включайте эту обложку, если вы не используете сенсорный экран или мышь, потому что может перестать работать навигация</disclaimer>
    <disclaimer lang="se">Använd inte detta skal om du inte har endera en pekskärmsenhet eller om mus, annars kan navigeringen sluta fungera</disclaimer>
    <disclaimer lang="sk">Nepoužívajte tento vzhľad, pokiaľ nemáte dotykovú obrazovku, alebo pripojenú myš, inak môžete stratiť kontrolu nad ovládaním aplikácie</disclaimer>
    <disclaimer lang="sl">Ne uporabljajte te preobleke, če nimate zaslona na dotik ali povezane miške, ker boste s tem izgubili možnost navigacije</disclaimer>
    <disclaimer lang="sq">Mos e përdorni këtë maskë nëse nuk keni, ose ekran me prekje, ose maus te lidhur, përndryshe mund të humbni aftësinë për të naviguar</disclaimer>
    <disclaimer lang="sv">Använd inte detta skal om du inte har endera en pekskärmsenhet eller en mus ansluten, annars kan du tappa bort navigeringen</disclaimer>
    <disclaimer lang="th">อย่าได้ใช้หน้าตานี้ จนกว่าคุณจะมี หน้าจอสัมผัส หรือ เมาส์ อย่างใดอย่างหนึ่งเชื่อมต่ออยู่ ไม่เช่นนั้นคุณจะสูญเสียการควบคุม</disclaimer>
    <disclaimer lang="tr">Bir dokunmatik ekranınız ya da fareniz olmadan bu dış görünümü kullanmayın, kontrolü kaybedebilirsiniz.</disclaimer>
    <disclaimer lang="uk">Використовуйте цю обкладинку, лише якщо ваш пристрій обладнано сенсорним екраном або мишею. Інакше ви можете втратити можливість керування.</disclaimer>
    <disclaimer lang="vi">Không sử dụng skin này trừ khi là bạn đang sử dụng màn hình cảm ứng hoặc sử dụng chuột để tránh trường hợp mất điều khiển</disclaimer>
    <disclaimer lang="vi_VN">Không sử dụng giao diện này trừ khi bạn có màn hình cảm ứng hoặc chuột được kết nối hoặc bạn mất điều khiển định hướng</disclaimer>
    <disclaimer lang="zh">在非触屏且没有鼠标控制的情况下使用此皮肤会造成无法控制设备</disclaimer>
    <disclaimer lang="zh_TW">除非你有觸控螢幕或滑鼠連接，否則請不要使用這個佈景主題，不然你會無法控制 XBMC。</disclaimer>
    <platform>all</platform>
  </extension>
</addon>
