<?xml version="1.0" encoding="UTF-8" standalone="yes"?>
<addon id="plugin.video.nhlstreams" name="NHL Streams" version="2.0.0" provider-name="iCanuck">
	<requires>
		<import addon="xbmc.python" version="2.1.0" />
		<import addon="plugin.video.youtube" version="5.2.1" optional="true" />
		<import addon="script.module.pyxbmct" version="1.1.4" />
		<import addon="script.module.urlresolver" version="3.0.0"/>
		<import addon="script.module.liveresolver" version="0.1.24"/>
	</requires>
	<extension point="xbmc.python.pluginsource" library="default.py">
		<provides>video</provides>
	</extension>
	<extension point="xbmc.addon.metadata">
		<summary lang="en">NHL Streams</summary>
		<description lang="en">NHL Streams</description>
		<platform>all</platform>
		<forum></forum>
		<website></website>
	</extension>
</addon>
