<?xml version="1.0" encoding="UTF-8" standalone="yes"?>
<addon id="plugin.video.streamarmy" name="^[COLOR lime]STR[/COLOR][COLOR brown]EAM [/COLOR][COLOR lime]AR[/COLOR][COLOR brown]MY[/COLOR]^" version="1.0.5" provider-name="Stream Army">
  <requires>
    <import addon="xbmc.python" version="2.1.0"/>
    <import addon="script.module.simplejson" version="3.3.0"/>
    <import addon="script.module.urlresolver"  version="2.1.2"/>
    <import addon="script.module.liveresolver" version="0.1.24"/>
    <import addon="script.common.plugin.cache" version="2.5.2"/>    <import addon="script.module.metahandler" version="2.5.1"/>
    <import addon="plugin.video.youtube" version="5.3.2" optional="false" />
  <import addon="plugin.video.f4mTester" version="2.2.4" optional="false" />
  </requires>
  <extension point="xbmc.python.pluginsource" library="default.py">
        <provides>video</provides>
  </extension>
  <extension point="xbmc.addon.metadata">
    <summary lang="en">The Home Of Stream Army Add-on  Stream Army Addon Fully Loaded With Great Playlists</summary>
    <description lang="en">@Nemzzy668  / @_MANC_ / @DoomsdayPr3p / Silent Partner</description>
    <platform>all</platform>
  </extension>
</addon>
