﻿<?xml version="1.0" encoding="UTF-8" standalone="yes"?>
<addon id="script.xbmcbackup"
    name="TDB-Backup" version="1011" provider-name="TDB">
  <requires>
	<!-- jarvis -->
    <import addon="xbmc.python" version="2.24.0"/>
    <import addon="script.module.httplib2" version="0.8.0" />
    <import addon="script.module.oauth2client" version="1.4.7" />
    <import addon="script.module.uritemplate" version="0.6" />
    <import addon="script.module.yaml" version="3.11"/>
    <import addon="script.module.googleapi" version="1.4.2" />
	<import addon="script.module.requests" version="2.9.1" />
  </requires>
  <extension point="xbmc.python.script" library="default.py"> 
     <provides>executable</provides> 
  </extension> 
  <extension point="xbmc.service" library="scheduler.py" start="startup" />
  <extension point="xbmc.addon.metadata">
    <summary lang="en">Backup and restore your Kodi database and configuration files in the event of a crash or file corruption.</summary>
    <language></language>
    <platform>all</platform>
    <license></license>
    <forum></forum>
    <source></source>
  </extension>
</addon>
