<?xml version="1.0.1" encoding="UTF-8" standalone="yes"?>
<addon id="repository.ukturk" name="UKTurk Addon Repository" version="1.0.3" provider-name="UKTurk">
	<extension point="xbmc.addon.repository" name="UKTurk Addon Repository">
	<dir>
		<info compressed="false">https://raw.githubusercontent.com/MetalKettle/UKT/master/addons.xml</info>
		<checksum>https://raw.githubusercontent.com/MetalKettle/UKT/master/addons.xml.md5</checksum>
		<datadir zip="true">https://raw.githubusercontent.com/MetalKettle/UKT/master/zips/</datadir>
	</dir>
	<dir>
		<info compressed="false">https://github.com/zqfaen/tva-common/raw/master/addons.xml</info>
        	<checksum>https://github.com/zqfaen/tva-common/raw/master/addons.xml.md5</checksum>
        	<datadir zip="true">https://github.com/zqfaen/tva-common/raw/master/zips/</datadir>
	</dir>
	</extension>
	<extension point="xbmc.addon.metadata">
		<summary>Install UKTurk</summary>
		<description>Install UKTurk</description>
		<platform>all</platform>
	</extension>
</addon>

