<?xml version="1.0" encoding="UTF-8" standalone="yes"?>
<addon id="plugin.program.indigo" version="2.0.1" name="Indigo" provider-name="tvaddons.ag">
	<requires>
		<import addon="xbmc.python" version="2.1.0"/>
	</requires>
    <extension point="xbmc.python.pluginsource" library="default.py">
        <provides>video executable </provides>
    </extension>
    <extension point="xbmc.service" library="service.py" start="startup"/>
    <extension point="xbmc.addon.metadata">
        <summary lang="en">Indigo is your gateway to the world of unofficial Kodi addons!</summary>
        <description lang="en">Indigo is your gateway to the world of unofficial Kodi addons! Please visit www.tvaddons.ag for addon support and www.cablecutters.com for hardware support.</description>
        <disclaimer lang="en">Kodi is a registered trademark of the XBMC Foundation. We are not connected to or in any other way affiliated with Kodi, Team Kodi, or the XBMC Foundation. Furthermore, any software, addons, or products offered by us will receive no support in official Kodi channels, including the Kodi forums and various social networks.</disclaimer>
        <language>en</language>
        <platform>all</platform>
        <forum>https://forums.tvaddons.ag</forum>
        <website>https://www.tvaddons.ag</website>
        <source>https://dev.tvaddons.ag/tvaddons/plugin.program.indigo</source>
    </extension>
</addon>
