﻿<?xml version="1.0" encoding="UTF-8" standalone="yes"?>
<addon id="repository.xunitytalk" name=".[COLOR blue]X[/COLOR]unity[COLOR blue]T[/COLOR]alk Repository" version="1.1.4" provider-name=".[COLOR blue]X[/COLOR]unity[COLOR blue]T[/COLOR]alk">
	<extension point="xbmc.addon.repository" name="Mikey1234 Addon Repository">
		<info compressed="false">http://xtyrepo.me/xunitytalk/addons/addons.xml</info>
		<checksum>http://xtyrepo.me/xunitytalk/addons/addons.xml.md5</checksum>
		<datadir zip="true">http://xtyrepo.me/xunitytalk/addons</datadir>
	</extension>
	<extension point="xbmc.addon.metadata">
		<summary>The Best Third Party Addons for XBMC, .[COLOR blue]X[/COLOR]unity[COLOR blue]T[/COLOR]alk</summary>
		<description>The Best Third Party Addons for XBMC, .[COLOR blue]X[/COLOR]unity[COLOR blue]T[/COLOR]alk</description>
		<platform>all</platform>
	</extension>
</addon>

