<?xml version="1.0" encoding="UTF-8" standalone="yes"?>
<addon id="repository.YourRepo" name="TDB REPO" version="1.0" provider-name="TDB Your Name">
	<extension point="xbmc.addon.repository" name="TDB Addon Repository">
		<info compressed="false">https://github.com/tdbaddon/tdbaddon/blob/master/addons.xml</info>
		<checksum>https://github.com/tdbaddon/tdbaddon/blob/master/addons.xml.md5</checksum>
		<datadir zip="true">https://github.com/tdbaddon/tdbaddon/tree/master/zips</datadir>
	</extension>
	<extension point="xbmc.addon.metadata">
		<summary>Install MY Addons</summary>
		<description>Download and install addons from TDB</description>
		<platform>all</platform>
	</extension>
</addon>

