<?xml version="1.0" encoding="UTF-8" standalone="yes"?>
<addon id="repository.YourRepo" name="TDB REPO" version="1.0" provider-name="TDB Your Name">
	<extension point="xbmc.addon.repository" name="TDB Addon Repository">
		<info compressed="false">http://github.com/tdbaddon/My-Repo/raw/master/addons.xml</info>
		<checksum>http://github.com/tdbaddon/My-Repo/raw/master/addons.xml.md5</checksum>
		<datadir zip="true">https://raw.githubusercontent.com/tdbaddon/tdbaddon/master/zips/repository.tdbaddon-1.0.zip</datadir>
	</extension>
	<extension point="xbmc.addon.metadata">
		<summary>Install MY Addons</summary>
		<description>Download and install addons from TDB</description>
		<platform>all</platform>
	</extension>
</addon>

