<?xml version="1.0" encoding="UTF-8"?>
    <addon id="repository.skymashitv" name="SkymashiTV Repo" version="0.2" provider-name="Skymashi">
        <requires>
            <import addon="xbmc.addon" version="12.0.0"/>
        </requires>
        <extension point="xbmc.addon.repository" name="SkymashiTV Repo">
            <info compressed="false">https://skymashi.eu/_repo/addons.xml</info>
            <checksum>https://skymashi.eu/_repo/addons.xml.md5</checksum>
            <datadir zip="true">https://skymashi.eu/_repo/</datadir>
            <hashes>false</hashes>
        </extension>
        <extension point="xbmc.addon.metadata">
            <summary>SkymashiTV Repository</summary>
            <description>SkymashiTV Repository for our Addons and Builds</description>
            <platform>all</platform>
    </extension>
</addon>