<?xml version="1.0" encoding="UTF-8"?>
<addon id="plugin.video.tvtime.tva" name="TV Time" provider-name="mhancoc7" version="0.1.7">
    <requires>
        <import addon="xbmc.python" version="2.1.0" />
    </requires>
    <extension library="main.py" point="xbmc.python.pluginsource">
        <provides>video</provides>
    </extension>
    <extension point="xbmc.addon.metadata">
        <summary>Watch Major American Television Networks Live for Free!</summary>
        <description>Watch all the best American cable television channels live and in high quality, completely unrestricted and free of charge! Please feel free to visit www.tvaddons.ag for support and assistance.</description>
        <platform>all</platform>
        <forum>https://forums.tvaddons.ag/tv-time-for-kodi/</forum>
        <website>http://www.tvaddons.ag/</website>
    </extension>
</addon>
