<favourites>
	<favourite name="PAY PER VIEW SPORTS" thumb="OverlayLocked.png">ActivateWindow(10025,&quot;plugin://plugin.video.movie25/?fanart=https%3a%2f%2fraw.github.com%2fmash2k3%2fMashUpK1m05%2fmaster%2fk1m05.Images%2fWallpaper.jpg&amp;genre&amp;iconimage=https%3a%2f%2fgithub.com%2fmash2k3%2fMashUpK1m05%2fblob%2fmaster%2fk1m05.Images%2fGuide%2fLiveEvents.jpg&amp;mode=182&amp;name=%5bCOLOR%3dFF00FF00%5d----%5b%2fCOLOR%5d%5bCOLOR%3dFFFF4500%5dLive%20Events%5b%2fCOLOR%5d%5bCOLOR%3dFF00FF00%5d----%5b%2fCOLOR%5d%20%5bCOLOR%20red%5d%20Updated%20%20%20%5b%2fCOLOR%5d&amp;plot&amp;url=https%3a%2f%2fraw.github.com%2fmash2k3%2fMashUpK1m05%2fmaster%2fPlaylists%2fSports%2fLiveEvents.xml&quot;,return)</favourite>
	<favourite name="NHL ON-DEMAND" thumb="icon-tv.png">ActivateWindow(10025,&quot;plugin://plugin.video.nhlondemand/&quot;,return)</favourite>
	<favourite name="NBA ON-DEMAND" thumb="icon-tv.png">ActivateWindow(10025,&quot;plugin://plugin.video.nbaondemand/&quot;,return)</favourite>
	<favourite name="WWE ARENA" thumb="icon-tv.png">ActivateWindow(10025,&quot;plugin://plugin.video.movie25/?fanart=https%3a%2f%2fraw.github.com%2fmash2k3%2fMashUpK1m05%2fmaster%2fk1m05.Images%2fWallpaper.jpg&amp;genre&amp;iconimage=http%3a%2f%2f4.bp.blogspot.com%2f-jFWjG67txpU%2fTz5lWw8gnKI%2fAAAAAAAAEfY%2f0xcjbmfPgfw%2fs1600%2fWwelogo.png&amp;mode=182&amp;name=%5bCOLOR%3dFF00FF00%5d---------%5b%2fCOLOR%5d%5bCOLOR%3dFFFF4500%5dWWE%20Area%5b%2fCOLOR%5d%5bCOLOR%3dFF00FF00%5d---------%5b%2fCOLOR%5d%20%5bCOLOR%20red%5d%20Updated%20%20%20%5b%2fCOLOR%5d&amp;plot&amp;url=https%3a%2f%2fraw.github.com%2fmash2k3%2fMashUpK1m05%2fmaster%2fPlaylists%2fk1m05.WWE%2fDirectory.xml&quot;,return)</favourite>
	<favourite name="ULTRABOX" thumb="icon-tv.png">ActivateWindow(10025,&quot;plugin://plugin.video.ultrabox/&quot;,return)</favourite>
	<favourite name="UFC" thumb="icon-tv.png">ActivateWindow(10025,&quot;plugin://plugin.video.UFC/&quot;,return)</favourite>
	<favourite name="FOOTBALL TODAY" thumb="icon-tv.png">ActivateWindow(10025,&quot;plugin://plugin.video.football.today/&quot;,return)</favourite>
	<favourite name="WSOP POKER" thumb="icon-tv.png">ActivateWindow(10025,&quot;plugin://plugin.video.thaakillah/&quot;,return)</favourite>
	<favourite name="WWE Online" thumb="icon-tv.png">ActivateWindow(10025,&quot;plugin://plugin.video.wweonline/&quot;,return)</favourite>
	<favourite name="CLIQ SPORTS" thumb="icon-tv.png">ActivateWindow(10025,&quot;plugin://plugin.video.moviedb/?mode=sportcats&amp;name=Sports&amp;url=none&quot;,return)</favourite>
	<favourite name="MASHUP SPORTS" thumb="icon-tv.png">ActivateWindow(10025,&quot;plugin://plugin.video.movie25/?fanart&amp;genre&amp;iconimage=https%3a%2f%2fraw.github.com%2fmash2k3%2fMashupArtwork%2fmaster%2fskins%2fvector%2fsportsec2.png&amp;mode=43&amp;name=Sports&amp;plot&amp;url=http%3a%2f%2fwww.movie25.so%2f&quot;,return)</favourite>
	<favourite name="Sports TV HD" thumb="icon-tv.png">ActivateWindow(10025,&quot;plugin://plugin.video.moviedb/?mode=ninelists&amp;name=Sports%20TV%20HD&amp;url=%20http%3a%2f%2fwww.navixtreme.com%2fplaylist%2f136690%2fsports_tv_hd_atp_world_tour_live_anisotropictv.plx&quot;,return)</favourite>
	<favourite name="Sky Sports Plus" thumb="icon-tv.png">(10025,&quot;plugin://plugin.video.moviedb/?mode=ninelists&amp;name=Sky%20Sports%20Plus&amp;url=%20https%3a%2f%2fraw.githubusercontent.com%2fBlazetamer%2fcommoncore%2fmaster%2fxbmchub%2fmoviedb%2fstreams%2fusersubmitted%2fJC_SPORTS.xml&quot;,return)</favourite>
	<favourite name="Hockey" thumb="">ActivateWindow(10025,&quot;plugin://plugin.video.canada.on.demand/?Account=Sports&amp;AudioVideo=Video&amp;ClipType=(not%20specified)&amp;Genre=Sports&amp;GroupLevel=2&amp;GroupOrder=0&amp;Icon=C%3a%5cUsers%5cTDB-DESKTOP%5cAppData%5cRoaming%5cXBMC%5caddons%5cplugin.video.canada.on.demand-master%5cresources%5cimages%5cchannels%5ccbc.png&amp;IsDynamicPlaylist=false&amp;LiveOnDemand=On-Demand&amp;Plot&amp;Region=(not%20specified)&amp;Show=(not%20specified)&amp;Sport=Hockey&amp;Thumb&amp;Title=Hockey&amp;action=browse&amp;channel=cbc&amp;depth=1&amp;entry_id=1249236098&amp;force_cache_update=False&amp;hasChildren=True&amp;hasReleases=True&quot;,return)</favourite>
	<favourite name="Baseball" thumb="">ActivateWindow(10025,&quot;plugin://plugin.video.canada.on.demand/?Account=Sports&amp;AudioVideo=Video&amp;ClipType=(not%20specified)&amp;Genre=Sports&amp;GroupLevel=2&amp;GroupOrder=3&amp;Icon=C%3a%5cUsers%5cTDB-DESKTOP%5cAppData%5cRoaming%5cXBMC%5caddons%5cplugin.video.canada.on.demand-master%5cresources%5cimages%5cchannels%5ccbc.png&amp;IsDynamicPlaylist=false&amp;LiveOnDemand=On-Demand&amp;Plot&amp;Region=(not%20specified)&amp;Show=(not%20specified)&amp;Sport=Baseball&amp;Thumb&amp;Title=Baseball&amp;action=browse&amp;channel=cbc&amp;depth=1&amp;entry_id=1661530763&amp;force_cache_update=False&amp;hasChildren=False&amp;hasReleases=True&quot;,return)</favourite>
	<favourite name="Soccer" thumb="">ActivateWindow(10025,&quot;plugin://plugin.video.canada.on.demand/?Account=Sports&amp;AudioVideo=Video&amp;ClipType=(not%20specified)&amp;Genre=Sports&amp;GroupLevel=2&amp;GroupOrder=4&amp;Icon=C%3a%5cUsers%5cTDB-DESKTOP%5cAppData%5cRoaming%5cXBMC%5caddons%5cplugin.video.canada.on.demand-master%5cresources%5cimages%5cchannels%5ccbc.png&amp;IsDynamicPlaylist=false&amp;LiveOnDemand=On-Demand&amp;Plot&amp;Region=(not%20specified)&amp;Show=(not%20specified)&amp;Sport=Soccer&amp;Thumb&amp;Title=Soccer&amp;action=browse&amp;channel=cbc&amp;depth=1&amp;entry_id=1235507109&amp;force_cache_update=False&amp;hasChildren=True&amp;hasReleases=True&quot;,return)</favourite>
	<favourite name="Golf" thumb="">ActivateWindow(10025,&quot;plugin://plugin.video.canada.on.demand/?Account=Sports&amp;AudioVideo=Video&amp;ClipType=(not%20specified)&amp;Genre=Sports&amp;GroupLevel=2&amp;GroupOrder=6&amp;Icon=C%3a%5cUsers%5cTDB-DESKTOP%5cAppData%5cRoaming%5cXBMC%5caddons%5cplugin.video.canada.on.demand-master%5cresources%5cimages%5cchannels%5ccbc.png&amp;IsDynamicPlaylist=false&amp;LiveOnDemand=On-Demand&amp;Plot&amp;Region=(not%20specified)&amp;Show=(not%20specified)&amp;Sport=Golf&amp;Thumb&amp;Title=Golf&amp;action=browse&amp;channel=cbc&amp;depth=1&amp;entry_id=1239353171&amp;force_cache_update=False&amp;hasChildren=True&amp;hasReleases=True&quot;,return)</favourite>
	<favourite name="Tennis" thumb="">ActivateWindow(10025,&quot;plugin://plugin.video.canada.on.demand/?Account=Sports&amp;AudioVideo=Video&amp;ClipType=(not%20specified)&amp;Genre=Sports&amp;GroupLevel=2&amp;GroupOrder=7&amp;Icon=C%3a%5cUsers%5cTDB-DESKTOP%5cAppData%5cRoaming%5cXBMC%5caddons%5cplugin.video.canada.on.demand-master%5cresources%5cimages%5cchannels%5ccbc.png&amp;IsDynamicPlaylist=false&amp;LiveOnDemand=On-Demand&amp;Plot&amp;Region=(not%20specified)&amp;Show=(not%20specified)&amp;Sport=Tennis&amp;Thumb&amp;Title=Tennis&amp;action=browse&amp;channel=cbc&amp;depth=1&amp;entry_id=1549721431&amp;force_cache_update=False&amp;hasChildren=False&amp;hasReleases=True&quot;,return)</favourite>
	<favourite name="Basketball" thumb="">ActivateWindow(10025,&quot;plugin://plugin.video.canada.on.demand/?Account=Sports&amp;AudioVideo=Video&amp;ClipType=(not%20specified)&amp;Genre=Sports&amp;GroupLevel=2&amp;GroupOrder=9&amp;Icon=C%3a%5cUsers%5cTDB-DESKTOP%5cAppData%5cRoaming%5cXBMC%5caddons%5cplugin.video.canada.on.demand-master%5cresources%5cimages%5cchannels%5ccbc.png&amp;IsDynamicPlaylist=false&amp;LiveOnDemand=On-Demand&amp;Plot&amp;Region=(not%20specified)&amp;Show=(not%20specified)&amp;Sport=Basketball&amp;Thumb&amp;Title=Basketball&amp;action=browse&amp;channel=cbc&amp;depth=1&amp;entry_id=1237621953&amp;force_cache_update=False&amp;hasChildren=True&amp;hasReleases=True&quot;,return)</favourite>
</favourites>