<?xml version="1.0" encoding="UTF-8" standalone="yes"?>
<addon id="plugin.video.filmon.simple" name="FilmOn Simple" version="0.1.6" provider-name="mhancoc7">
  <requires>
    <import addon="xbmc.python" version="2.1.0"/>
  </requires>
  <extension point="xbmc.python.pluginsource" library="default.py">
        <provides>video</provides>
  </extension>
  <extension point="xbmc.addon.metadata">
    <summary lang="en">FilmOn Simple</summary>
    <description lang="en">Please visit [COLOR blue]https://www.tvaddons.ag[/COLOR] for addon support! Watch Live TV from FilmOn.</description>
    <platform>all</platform>
    <forum>https://forums.tvaddons.ag/mhancoc7-s-addons/</forum>
    <website>https://tvaddons.ag/</website>
  </extension>
</addon>
