<?xml version="1.0" encoding="UTF-8" standalone="yes"?>
<addon id="plugin.video.livetvaddon" name="Si free live tv addon" version="1.0.0" provider-name="Si free live tv addon">
  <requires>
    <import addon="xbmc.python" version="2.1.0"/>
  </requires>
  <extension point="xbmc.python.pluginsource" library="addon.py">
    <provides>video</provides>
  </extension>
  <extension point="xbmc.addon.metadata">
    <summary lang="en">Si free live tv addon.</summary>
    <description lang="en">Si free live tv addon</description>
    <disclaimer lang="en">Si free live tv addon.</disclaimer>
    <language>en</language>
    <platform>all</platform>
    <website>Si free live tv addon</website>
    <email>Si free live tv addon</email>
  </extension>
</addon>
