<?xml version="1.0" encoding="utf-8" ?><dwsync><file name=".DS_Store" server="ftp.offshoregit.com" local="3538188440" remote="318763443937186692" Dst="-1" /><file name="addon.xml" server="ftp.offshoregit.com" local="3544275365" remote="318763443937186692" Dst="-1" /><file name="changelog.txt" server="ftp.offshoregit.com" local="3544275365" remote="318763443937186692" Dst="-1" /><file name="icon.png" server="ftp.offshoregit.com" local="3538188440" remote="318763443937186692" Dst="-1" /><file name="ReadME.rtf" server="ftp.offshoregit.com" local="3538188440" remote="318763443937186692" Dst="-1" /><file name="LICENSE.txt" server="ftp.offshoregit.com" local="3538188440" remote="318763443937186692" Dst="-1" /><file name=".DS_Store" server="194.28.173.9/public_html/support/" local="3500604836" remote="318763443893761572" Dst="-1" /><file name="addon.xml" server="194.28.173.9/public_html/support/" local="3500604803" remote="318763443893761572" Dst="-1" /><file name="changelog.txt" server="194.28.173.9/public_html/support/" local="3500522935" remote="318763443893761572" Dst="-1" /><file name="icon.png" server="194.28.173.9/public_html/support/" local="3500522935" remote="318763443893761572" Dst="-1" /><file name="ReadME.rtf" server="194.28.173.9/public_html/support/" local="3500522935" remote="318763443893761572" Dst="-1" /><file name="LICENSE.txt" server="194.28.173.9/public_html/support/" local="3500522935" remote="318763443893761572" Dst="-1" /></dwsync>